-- phpMyAdmin SQL Dump
-- version 5.2.1
-- https://www.phpmyadmin.net/
--
-- Host: 127.0.0.1
-- Generation Time: Mar 25, 2025 at 06:00 PM
-- Server version: 10.4.32-MariaDB
-- PHP Version: 8.1.25

SET SQL_MODE = "NO_AUTO_VALUE_ON_ZERO";
START TRANSACTION;
SET time_zone = "+00:00";


/*!40101 SET @OLD_CHARACTER_SET_CLIENT=@@CHARACTER_SET_CLIENT */;
/*!40101 SET @OLD_CHARACTER_SET_RESULTS=@@CHARACTER_SET_RESULTS */;
/*!40101 SET @OLD_COLLATION_CONNECTION=@@COLLATION_CONNECTION */;
/*!40101 SET NAMES utf8mb4 */;

--
-- Database: `medicare`
--

-- --------------------------------------------------------

--
-- Table structure for table `category`
--

CREATE TABLE `category` (
  `id` int(11) NOT NULL,
  `categoryName` varchar(225) DEFAULT NULL
) ENGINE=InnoDB DEFAULT CHARSET=utf8mb4 COLLATE=utf8mb4_general_ci;

--
-- Dumping data for table `category`
--

INSERT INTO `category` (`id`, `categoryName`) VALUES
(1, 'Gold warranties'),
(2, 'Silver Warranties'),
(3, 'Bronze Warranties'),
(6, 'GAP Financial Protection');

-- --------------------------------------------------------

--
-- Table structure for table `dealership`
--

CREATE TABLE `dealership` (
  `id` int(11) NOT NULL,
  `accountUserEmail` varchar(225) DEFAULT NULL,
  `firstname` varchar(225) DEFAULT NULL,
  `lastname` varchar(225) DEFAULT NULL,
  `tradeName` varchar(225) DEFAULT NULL,
  `accountPhone` varchar(225) DEFAULT NULL,
  `nameLegal` varchar(225) DEFAULT NULL,
  `accountFax` varchar(225) DEFAULT NULL,
  `accountName` varchar(225) DEFAULT NULL,
  `doNotShowPriceContracts` varchar(225) DEFAULT NULL,
  `billingStreet` varchar(225) DEFAULT NULL,
  `billingCity` varchar(225) DEFAULT NULL,
  `billingStateProvince` varchar(225) DEFAULT NULL,
  `billingCountry` varchar(225) DEFAULT NULL,
  `billingZippostalCode` varchar(225) DEFAULT NULL,
  `website` varchar(225) DEFAULT NULL,
  `date` date DEFAULT NULL,
  `status` varchar(225) DEFAULT NULL,
  `blocked` varchar(225) DEFAULT NULL,
  `acc_ovmic_no` varchar(225) DEFAULT NULL,
  `ovmic_no` varchar(225) DEFAULT NULL
) ENGINE=InnoDB DEFAULT CHARSET=utf8mb4 COLLATE=utf8mb4_general_ci;

--
-- Dumping data for table `dealership`
--

INSERT INTO `dealership` (`id`, `accountUserEmail`, `firstname`, `lastname`, `tradeName`, `accountPhone`, `nameLegal`, `accountFax`, `accountName`, `doNotShowPriceContracts`, `billingStreet`, `billingCity`, `billingStateProvince`, `billingCountry`, `billingZippostalCode`, `website`, `date`, `status`, `blocked`, `acc_ovmic_no`, `ovmic_no`) VALUES
(42, 'mohsindyer@gmail.com', NULL, NULL, 'Test Dealership', '', 'Test Dealership', '', 'Test Dealership', '0', '', '', '', '', '', '', '2024-12-31', 'active', '0', NULL, NULL),
(48, 'lou@carfinancedirect.ca', NULL, NULL, 'Car Deals Direct', '', 'Lou Hoffer', '', 'Car Deals Direct', '0', '', '', '', '', '', '', '2024-12-31', 'active', '0', NULL, NULL),
(49, 'louhoffer@rogers.com', NULL, NULL, 'ABC Motors', '4168255564', 'Lou Hoffer', '', 'ABC Motors', '0', '', '', '', '', '', '', '2025-01-11', 'active', '0', NULL, NULL),
(53, 'abhishekshenoy98@gmail.com', 'Abhisheks', 'Kamaths', 'test', '7485748512', 'test', '859685', 'kpt', '0', '', '', '', '', '', 'www.text.co', '2025-03-05', 'active', NULL, '121213', '7485969');

-- --------------------------------------------------------

--
-- Table structure for table `logdetails`
--

CREATE TABLE `logdetails` (
  `id` int(10) NOT NULL,
  `warrantyId` int(10) DEFAULT NULL,
  `previousUser` varchar(225) DEFAULT NULL,
  `currentUser` varchar(225) DEFAULT NULL,
  `action` varchar(225) DEFAULT NULL,
  `dateTime` varchar(225) DEFAULT NULL
) ENGINE=InnoDB DEFAULT CHARSET=utf8mb4 COLLATE=utf8mb4_general_ci;

--
-- Dumping data for table `logdetails`
--

INSERT INTO `logdetails` (`id`, `warrantyId`, `previousUser`, `currentUser`, `action`, `dateTime`) VALUES
(2, 91, 'Rajesh Kamath', 'Abhisheks Kamaths', 'update', '2025-03-08 15:59:13.496'),
(3, 91, 'Abhisheks Kamaths', 'Rajesh Kamath', 'update', '2025-03-08 16:06:53.877'),
(4, 91, 'Rajesh Kamath', 'admin@gmail.com ', 'update', '2025-03-09 22:35:32.599'),
(5, 106, 'admin@gmail.com ', 'admin@gmail.com ', 'delete', '17-2025-03'),
(6, 108, 'admin@gmail.com ', 'admin@gmail.com ', 'delete', '17-03-2025'),
(7, 109, NULL, NULL, 'delete', '17-03-2025'),
(8, 107, NULL, NULL, 'delete', '17-03-2025'),
(9, 110, NULL, NULL, 'delete', '17-03-2025'),
(10, 111, NULL, NULL, 'delete', '17-03-2025'),
(11, 112, NULL, NULL, 'delete', '17-03-2025'),
(12, 113, 'admin@gmail.com ', 'admin@gmail.com ', 'delete', '17-03-2025');

-- --------------------------------------------------------

--
-- Table structure for table `login_master`
--

CREATE TABLE `login_master` (
  `id` int(11) NOT NULL,
  `firstname` varchar(50) DEFAULT NULL,
  `lastname` varchar(225) DEFAULT NULL,
  `user_email` varchar(50) DEFAULT NULL,
  `user_type` varchar(50) DEFAULT NULL,
  `dealership` varchar(225) DEFAULT NULL,
  `user_password` varchar(50) DEFAULT NULL,
  `initialLogin` tinyint(1) NOT NULL DEFAULT 1,
  `status` varchar(10) DEFAULT NULL,
  `blocked` varchar(225) NOT NULL DEFAULT '0',
  `otpno` varchar(225) DEFAULT NULL,
  `date` timestamp NULL DEFAULT NULL,
  `ovmic_no` varchar(225) DEFAULT NULL
) ENGINE=InnoDB DEFAULT CHARSET=utf8mb4 COLLATE=utf8mb4_general_ci;

--
-- Dumping data for table `login_master`
--

INSERT INTO `login_master` (`id`, `firstname`, `lastname`, `user_email`, `user_type`, `dealership`, `user_password`, `initialLogin`, `status`, `blocked`, `otpno`, `date`, `ovmic_no`) VALUES
(77, 'admin@gmail.com', NULL, 'admin@gmail.com', 'admin', '0', '@admin', 0, 'active', '0', NULL, NULL, '1111'),
(102, 'mohsindyer@gmail.com', NULL, 'mohsindyer@gmail.com', 'dealership', '42', '12345', 0, 'active', '0', '775597', '2024-12-31 08:57:03', NULL),
(109, 'lou@carfinancedirect.ca', NULL, 'lou@carfinancedirect.ca', 'admin', '0', 'LouLou1025', 0, 'active', '0', NULL, '2024-12-31 10:30:36', NULL),
(110, 'mohsindyer2', NULL, 'mohsindyer@alhamwebtech.com', 'admin', '0', 'a0GeqwwtLP', 0, 'active', '0', NULL, '2025-01-11 19:08:55', NULL),
(111, 'louhoffer@rogers.com', NULL, 'louhoffer@rogers.com', 'dealership', '49', '1234', 0, 'active', '0', '460499', '2025-01-11 19:42:54', NULL),
(115, 'alex@cardealsdirect.ca', NULL, 'alex@cardealsdirect.ca', 'admin', '0', '@admin', 0, 'active', '0', NULL, NULL, NULL),
(116, 'Brandon', 'Cohen', 'brandon@cardealsdirect.ca', 'user', '48', 'Cardeals14$', 0, 'active', '0', NULL, '2025-02-18 23:26:15', NULL),
(117, 'Osama', 'Javad', 'osama@carfinancedirect.ca', 'user', '48', 'Osama123!', 0, 'active', '0', NULL, '2025-02-18 23:27:45', NULL),
(118, 'Giselle', 'Tarzali', 'giselle@carfinancedirect.ca', 'user', '48', 'Giselle123!', 0, 'active', '0', NULL, '2025-02-18 23:29:28', NULL),
(119, 'Brian', 'Korn', 'brian@carfinancedirect.ca', 'user', '48', 'Brian123!', 1, 'active', '0', NULL, '2025-02-18 23:56:08', NULL),
(120, 'Yoram', 'Elhav', 'yoram@carfinancedirect.ca', 'user', '48', 'Emma2024!', 0, 'active', '0', NULL, '2025-02-18 23:56:51', NULL),
(121, 'Stephanie', 'Lawrence', 'steph@carfinancedirect.ca', 'user', '48', 'Steph123!', 1, 'active', '0', NULL, '2025-02-18 23:57:31', NULL),
(122, 'Mohsin', 'D', 'hello@alhamwebtech.com', 'user', '42', 'testdealership', 0, 'active', '0', NULL, '2025-02-19 00:08:10', NULL),
(123, 'Paulo', 'Brito Dos Santos', 'paulo@carfinancedirect.ca', 'user', '48', 'Nbsm00z857rq!', 0, 'active', '0', NULL, '2025-02-19 00:09:36', NULL),
(124, 'Tania', 'Lialyk', 'tania@cardealsdirect.ca', 'admin', '48', 'Tania123!', 1, 'active', '0', NULL, '2025-02-19 15:54:40', NULL),
(125, 'Daniel', 'Moguel', 'daniel@carfinancedirect.ca', 'dealership', '48', 'Da15122105', 0, 'active', '0', NULL, '2025-02-19 16:02:13', NULL),
(128, 'Abhisheks', 'Kamaths', 'abhishekshenoy98@gmail.com', 'dealership', '53', '123', 0, 'active', '0', NULL, '2025-02-23 14:12:33', '7485969'),
(130, 'Arjun', 'Naidu', 'abhishekshenoy99@gmail.com', 'manager', '48', '123', 0, 'active', '0', NULL, '2025-02-23 16:09:09', '748956'),
(131, 'Rajesh', 'Kamath', 'abhishekshenoy97@gmail.com', 'user', '53', '123', 0, 'active', '0', NULL, '2025-02-23 17:02:20', '87963');

-- --------------------------------------------------------

--
-- Table structure for table `personalinformationdata`
--

CREATE TABLE `personalinformationdata` (
  `id` int(11) NOT NULL,
  `account` varchar(225) DEFAULT NULL,
  `email` varchar(225) DEFAULT NULL,
  `dealerTrackId` varchar(225) DEFAULT NULL,
  `mobileNo` varchar(225) DEFAULT NULL,
  `salesPersonMarkup` varchar(225) DEFAULT NULL,
  `salesMarkupPercentage` varchar(225) DEFAULT NULL,
  `salesManOMVICNumber` varchar(225) DEFAULT NULL,
  `date` date DEFAULT NULL,
  `status` varchar(225) DEFAULT NULL
) ENGINE=InnoDB DEFAULT CHARSET=utf8mb4 COLLATE=utf8mb4_general_ci;

--
-- Dumping data for table `personalinformationdata`
--

INSERT INTO `personalinformationdata` (`id`, `account`, `email`, `dealerTrackId`, `mobileNo`, `salesPersonMarkup`, `salesMarkupPercentage`, `salesManOMVICNumber`, `date`, `status`) VALUES
(2, 'CAR DEALS DIRECT', 'admin@gmail.com', '5265263', '8475857485', '566666666', '25', '78596', '2024-10-13', '1'),
(3, 'CAR DEALS DIRECT', 'abhishekshenoy98@gmail.com', '5265263', '8475857485', 'jkk', '25%', 'jkk', '2024-09-21', '1'),
(6, 'CAR DEALS Ananya', 'Ananya@gmail.com', 'CAR DEALS DIRECT', '85748596', 'Kodikal', '95', 'Kodikal', '2024-10-12', '1'),
(7, 'Synhash', 'abishek.shenoy@synchash.in', '7485', '8456666666', '', '', '', '2025-01-01', '1');

-- --------------------------------------------------------

--
-- Table structure for table `product_details`
--

CREATE TABLE `product_details` (
  `id` int(11) NOT NULL,
  `category` varchar(225) DEFAULT NULL,
  `subCat` varchar(225) DEFAULT NULL,
  `subcategory` longtext DEFAULT NULL,
  `warrantyprotection` varchar(225) DEFAULT NULL,
  `features` text DEFAULT NULL,
  `products` text DEFAULT NULL,
  `PDF` varchar(225) DEFAULT NULL
) ENGINE=InnoDB DEFAULT CHARSET=utf8mb4 COLLATE=utf8mb4_general_ci;

--
-- Dumping data for table `product_details`
--

INSERT INTO `product_details` (`id`, `category`, `subCat`, `subcategory`, `warrantyprotection`, `features`, `products`, `PDF`) VALUES
(1, '1', '8', 'Gold Core $2500 Per Claim', '10', '\"<h6><strong style=\\\"color: rgba(0, 0, 0, 0.87); background-color: rgb(255, 255, 255);\\\">Gold Core $2500 Per Claim </strong></h6><h6><strong style=\\\"color: rgba(0, 0, 0, 0.87); background-color: rgb(255, 255, 255);\\\">Components Covered</strong></h6><ol><li data-list=\\\"bullet\\\"><span class=\\\"ql-ui\\\" contenteditable=\\\"false\\\"></span><span style=\\\"color: rgba(0, 0, 0, 0.87); background-color: rgb(255, 255, 255);\\\">Powertrain Components Including Sensors, Seals &amp; Gaskets*</span></li><li data-list=\\\"bullet\\\"><span class=\\\"ql-ui\\\" contenteditable=\\\"false\\\"></span><span style=\\\"color: rgba(0, 0, 0, 0.87); background-color: rgb(255, 255, 255);\\\">Air Conditioning</span></li><li data-list=\\\"bullet\\\"><span class=\\\"ql-ui\\\" contenteditable=\\\"false\\\"></span><span style=\\\"color: rgba(0, 0, 0, 0.87); background-color: rgb(255, 255, 255);\\\">Turbo Charger</span></li><li data-list=\\\"bullet\\\"><span class=\\\"ql-ui\\\" contenteditable=\\\"false\\\"></span><span style=\\\"color: rgba(0, 0, 0, 0.87); background-color: rgb(255, 255, 255);\\\">Electronic Ignition</span></li><li data-list=\\\"bullet\\\"><span class=\\\"ql-ui\\\" contenteditable=\\\"false\\\"></span><span style=\\\"color: rgba(0, 0, 0, 0.87); background-color: rgb(255, 255, 255);\\\">Electric System</span></li><li data-list=\\\"bullet\\\"><span class=\\\"ql-ui\\\" contenteditable=\\\"false\\\"></span><span style=\\\"color: rgba(0, 0, 0, 0.87); background-color: rgb(255, 255, 255);\\\">Fuel Injection System</span></li><li data-list=\\\"bullet\\\"><span class=\\\"ql-ui\\\" contenteditable=\\\"false\\\"></span><span style=\\\"color: rgba(0, 0, 0, 0.87); background-color: rgb(255, 255, 255);\\\">Brakes &amp; ABS Brakes</span></li><li data-list=\\\"bullet\\\"><span class=\\\"ql-ui\\\" contenteditable=\\\"false\\\"></span><span style=\\\"color: rgba(0, 0, 0, 0.87); background-color: rgb(255, 255, 255);\\\">Power Steering</span></li></ol><h6><strong style=\\\"color: rgba(0, 0, 0, 0.87); background-color: rgb(255, 255, 255);\\\">Seals &amp; Gaskets on Covered Parts Only</strong></h6><h6><strong style=\\\"color: rgba(0, 0, 0, 0.87); background-color: rgb(255, 255, 255);\\\">Features</strong></h6><ol><li data-list=\\\"bullet\\\"><span class=\\\"ql-ui\\\" contenteditable=\\\"false\\\"></span><strong style=\\\"color: rgba(0, 0, 0, 0.87); background-color: rgb(255, 255, 255);\\\">Select “No Limits Per Claim” </strong><span style=\\\"color: rgba(0, 0, 0, 0.87); background-color: rgb(255, 255, 255);\\\">With a liability cap of $20,000, our Gold Plans offer exceptional coverage.</span></li><li data-list=\\\"bullet\\\"><span class=\\\"ql-ui\\\" contenteditable=\\\"false\\\"></span><strong style=\\\"color: rgba(0, 0, 0, 0.87); background-color: rgb(255, 255, 255);\\\">Quick &amp; Stress-Free Claims Process:</strong><span style=\\\"color: rgba(0, 0, 0, 0.87); background-color: rgb(255, 255, 255);\\\">Get Covered Canada is committed to a fast and seamless claims process, allowing you to select your preferred repair shop.</span></li></ol><h6><strong style=\\\"color: rgba(0, 0, 0, 0.87); background-color: rgb(255, 255, 255);\\\">Coverage for Vehicles Less than 7 Years Old</strong></h6><ol><li data-list=\\\"bullet\\\"><span class=\\\"ql-ui\\\" contenteditable=\\\"false\\\"></span><span style=\\\"color: rgba(0, 0, 0, 0.87); background-color: rgb(255, 255, 255);\\\">We provide tailored plans for new or used vehicles of any age. Speak with one of our Customer Service Associates to find the right coverage for your vehicle</span></li></ol>\"', '[{\"productName\":\"60 Months/10500 KM\",\"productPrice\":\"1099\"},{\"productName\":\"48 Months/85000 KM\",\"productPrice\":\"949\"},{\"productName\":\"36 Months/65000 KM\",\"productPrice\":\"789\"},{\"productName\":\"28 Months/50000 KM\",\"productPrice\":\"715\"},{\"productName\":\"12 Months/25000 KM\",\"productPrice\":\"465\"}]', './Images/1736683808003.pdf'),
(3, '2', '11', 'Silver Powertrain $1000 Per Claim', '16', '\"<h6 class=\\\"MuiTypography-root MuiTypography-h6 css-b25l8b-MuiTypography-root\\\" style=\\\"box-sizing: inherit; margin: 0px; font-family: Roboto, Helvetica, Arial, sans-serif; line-height: 1.6; letter-spacing: 0.0075em; font-size: 1.3rem; font-weight: 700; overflow-wrap: break-word; color: rgba(0, 0, 0, 0.87); font-style: normal; font-variant-ligatures: normal; font-variant-caps: normal; orphans: 2; text-align: start; text-indent: 0px; text-transform: none; widows: 2; word-spacing: 0px; -webkit-text-stroke-width: 0px; white-space: normal; background-color: rgb(255, 255, 255); text-decoration-thickness: initial; text-decoration-style: initial; text-decoration-color: initial;\\\"><strong style=\\\"box-sizing: inherit; font-weight: 700;\\\">Silver Powertrain $1000 Per Claim </strong></h6><h6 class=\\\"MuiTypography-root MuiTypography-h6 css-j31rgm-MuiTypography-root\\\" style=\\\"box-sizing: inherit; margin: 0px; font-family: Roboto, Helvetica, Arial, sans-serif; line-height: 1.6; letter-spacing: 0.0075em; font-size: 0.875rem; font-weight: 700; color: rgba(0, 0, 0, 0.87); font-style: normal; font-variant-ligatures: normal; font-variant-caps: normal; orphans: 2; text-align: start; text-indent: 0px; text-transform: none; widows: 2; word-spacing: 0px; -webkit-text-stroke-width: 0px; white-space: normal; background-color: rgb(255, 255, 255); text-decoration-thickness: initial; text-decoration-style: initial; text-decoration-color: initial;\\\">For vehicles with less than 500,000 KMs on the Odometer, these plans cover:</h6><ul style=\\\"box-sizing: inherit; color: rgba(0, 0, 0, 0.87); font-family: Roboto, Helvetica, Arial, sans-serif; font-size: 16px; font-style: normal; font-variant-ligatures: normal; font-variant-caps: normal; font-weight: 400; letter-spacing: 0.15008px; orphans: 2; text-align: start; text-indent: 0px; text-transform: none; widows: 2; word-spacing: 0px; -webkit-text-stroke-width: 0px; white-space: normal; background-color: rgb(255, 255, 255); text-decoration-thickness: initial; text-decoration-style: initial; text-decoration-color: initial;\\\"><li style=\\\"box-sizing: inherit; font-size: 0.875rem;\\\">Engine</li><li style=\\\"box-sizing: inherit; font-size: 0.875rem;\\\">Turbo or Super Charger</li><li style=\\\"box-sizing: inherit; font-size: 0.875rem;\\\">Automatic or Manual Transmission</li><li style=\\\"box-sizing: inherit; font-size: 0.875rem;\\\">Transfer case</li><li style=\\\"box-sizing: inherit; font-size: 0.875rem;\\\">Differential</li><li style=\\\"box-sizing: inherit; font-size: 0.875rem;\\\">Transaxle</li><li style=\\\"box-sizing: inherit; font-size: 0.875rem;\\\">Car Rental</li><li style=\\\"box-sizing: inherit; font-size: 0.875rem;\\\">Trip Interruption</li></ul><h6 class=\\\"MuiTypography-root MuiTypography-h6 css-j31rgm-MuiTypography-root\\\" style=\\\"box-sizing: inherit; margin: 0px; font-family: Roboto, Helvetica, Arial, sans-serif; line-height: 1.6; letter-spacing: 0.0075em; font-size: 0.875rem; font-weight: 700; color: rgba(0, 0, 0, 0.87); font-style: normal; font-variant-ligatures: normal; font-variant-caps: normal; orphans: 2; text-align: start; text-indent: 0px; text-transform: none; widows: 2; word-spacing: 0px; -webkit-text-stroke-width: 0px; white-space: normal; background-color: rgb(255, 255, 255); text-decoration-thickness: initial; text-decoration-style: initial; text-decoration-color: initial;\\\">Please see your contract for full terms and conditions. Plans offered by some dealers may differ slightly from the information here.</h6><h6 class=\\\"MuiTypography-root MuiTypography-h6 css-j31rgm-MuiTypography-root\\\" style=\\\"box-sizing: inherit; margin: 0px; font-family: Roboto, Helvetica, Arial, sans-serif; line-height: 1.6; letter-spacing: 0.0075em; font-size: 0.875rem; font-weight: 700; color: rgba(0, 0, 0, 0.87); font-style: normal; font-variant-ligatures: normal; font-variant-caps: normal; orphans: 2; text-align: start; text-indent: 0px; text-transform: none; widows: 2; word-spacing: 0px; -webkit-text-stroke-width: 0px; white-space: normal; background-color: rgb(255, 255, 255); text-decoration-thickness: initial; text-decoration-style: initial; text-decoration-color: initial;\\\">Features</h6><ul style=\\\"box-sizing: inherit; color: rgba(0, 0, 0, 0.87); font-family: Roboto, Helvetica, Arial, sans-serif; font-size: 16px; font-style: normal; font-variant-ligatures: normal; font-variant-caps: normal; font-weight: 400; letter-spacing: 0.15008px; orphans: 2; text-align: start; text-indent: 0px; text-transform: none; widows: 2; word-spacing: 0px; -webkit-text-stroke-width: 0px; white-space: normal; background-color: rgb(255, 255, 255); text-decoration-thickness: initial; text-decoration-style: initial; text-decoration-color: initial;\\\"><li style=\\\"box-sizing: inherit; font-size: 0.875rem;\\\"><strong style=\\\"box-sizing: inherit; font-weight: 700;\\\">Affordable $75 Deductible</strong>Each plan includes a $75 deductible per claim.</li><li style=\\\"box-sizing: inherit; font-size: 0.875rem;\\\"><strong style=\\\"box-sizing: inherit; font-weight: 700;\\\">Quick &amp; Stress-Free Claims Process</strong>Get Covered Canada is committed to a fast and seamless claims process, allowing you to select your preferred repair shop.</li><li style=\\\"box-sizing: inherit; font-size: 0.875rem;\\\"><strong style=\\\"box-sizing: inherit; font-weight: 700;\\\">Choose No Distance Restrictions:</strong>Our 1- or 2-Year Silver Powertrain Plus Plans include an option for unlimited kilometers.</li></ul>\"', '[{\"productName\":\"24 Months/30000 KM\",\"productPrice\":\"440\"},{\"productName\":\"12 Months/15000 KM\",\"productPrice\":\"330\"},{\"productName\":\"12 Months/15000 KM\",\"productPrice\":\"315\"}]', './Images/1736692643020.pdf'),
(4, '1', '8', 'Gold Core No Per Claim Max', '11', '\"<h6 class=\\\"MuiTypography-root MuiTypography-h6 css-b25l8b-MuiTypography-root\\\" style=\\\"box-sizing: inherit; margin: 0px; font-family: Roboto, Helvetica, Arial, sans-serif; line-height: 1.6; letter-spacing: 0.0075em; font-size: 1.3rem; font-weight: 700; overflow-wrap: break-word; color: rgba(0, 0, 0, 0.87); font-style: normal; font-variant-ligatures: normal; font-variant-caps: normal; orphans: 2; text-align: start; text-indent: 0px; text-transform: none; widows: 2; word-spacing: 0px; -webkit-text-stroke-width: 0px; white-space: normal; background-color: rgb(255, 255, 255); text-decoration-thickness: initial; text-decoration-style: initial; text-decoration-color: initial;\\\"><strong style=\\\"box-sizing: inherit; font-weight: 700;\\\">Gold Core No Per Claim Max </strong></h6><h6 class=\\\"MuiTypography-root MuiTypography-h6 css-j31rgm-MuiTypography-root\\\" style=\\\"box-sizing: inherit; margin: 0px; font-family: Roboto, Helvetica, Arial, sans-serif; line-height: 1.6; letter-spacing: 0.0075em; font-size: 0.875rem; font-weight: 700; color: rgba(0, 0, 0, 0.87); font-style: normal; font-variant-ligatures: normal; font-variant-caps: normal; orphans: 2; text-align: start; text-indent: 0px; text-transform: none; widows: 2; word-spacing: 0px; -webkit-text-stroke-width: 0px; white-space: normal; background-color: rgb(255, 255, 255); text-decoration-thickness: initial; text-decoration-style: initial; text-decoration-color: initial;\\\">Components Covered</h6><ul style=\\\"box-sizing: inherit; color: rgba(0, 0, 0, 0.87); font-family: Roboto, Helvetica, Arial, sans-serif; font-size: 16px; font-style: normal; font-variant-ligatures: normal; font-variant-caps: normal; font-weight: 400; letter-spacing: 0.15008px; orphans: 2; text-align: start; text-indent: 0px; text-transform: none; widows: 2; word-spacing: 0px; -webkit-text-stroke-width: 0px; white-space: normal; background-color: rgb(255, 255, 255); text-decoration-thickness: initial; text-decoration-style: initial; text-decoration-color: initial;\\\"><li style=\\\"box-sizing: inherit; font-size: 0.875rem;\\\">Powertrain Components Including Sensors, Seals &amp; Gaskets*</li><li style=\\\"box-sizing: inherit; font-size: 0.875rem;\\\">Air Conditioning</li><li style=\\\"box-sizing: inherit; font-size: 0.875rem;\\\">Turbo Charger</li><li style=\\\"box-sizing: inherit; font-size: 0.875rem;\\\">Electronic Ignition</li><li style=\\\"box-sizing: inherit; font-size: 0.875rem;\\\">Electric System</li><li style=\\\"box-sizing: inherit; font-size: 0.875rem;\\\">Fuel Injection System</li><li style=\\\"box-sizing: inherit; font-size: 0.875rem;\\\">Brakes &amp; ABS Brakes</li><li style=\\\"box-sizing: inherit; font-size: 0.875rem;\\\">Power Steering</li></ul><h6 class=\\\"MuiTypography-root MuiTypography-h6 css-j31rgm-MuiTypography-root\\\" style=\\\"box-sizing: inherit; margin: 0px; font-family: Roboto, Helvetica, Arial, sans-serif; line-height: 1.6; letter-spacing: 0.0075em; font-size: 0.875rem; font-weight: 700; color: rgba(0, 0, 0, 0.87); font-style: normal; font-variant-ligatures: normal; font-variant-caps: normal; orphans: 2; text-align: start; text-indent: 0px; text-transform: none; widows: 2; word-spacing: 0px; -webkit-text-stroke-width: 0px; white-space: normal; background-color: rgb(255, 255, 255); text-decoration-thickness: initial; text-decoration-style: initial; text-decoration-color: initial;\\\">Seals &amp; Gaskets on Covered Parts Only</h6><h6 class=\\\"MuiTypography-root MuiTypography-h6 css-j31rgm-MuiTypography-root\\\" style=\\\"box-sizing: inherit; margin: 0px; font-family: Roboto, Helvetica, Arial, sans-serif; line-height: 1.6; letter-spacing: 0.0075em; font-size: 0.875rem; font-weight: 700; color: rgba(0, 0, 0, 0.87); font-style: normal; font-variant-ligatures: normal; font-variant-caps: normal; orphans: 2; text-align: start; text-indent: 0px; text-transform: none; widows: 2; word-spacing: 0px; -webkit-text-stroke-width: 0px; white-space: normal; background-color: rgb(255, 255, 255); text-decoration-thickness: initial; text-decoration-style: initial; text-decoration-color: initial;\\\">Features</h6><ul style=\\\"box-sizing: inherit; color: rgba(0, 0, 0, 0.87); font-family: Roboto, Helvetica, Arial, sans-serif; font-size: 16px; font-style: normal; font-variant-ligatures: normal; font-variant-caps: normal; font-weight: 400; letter-spacing: 0.15008px; orphans: 2; text-align: start; text-indent: 0px; text-transform: none; widows: 2; word-spacing: 0px; -webkit-text-stroke-width: 0px; white-space: normal; background-color: rgb(255, 255, 255); text-decoration-thickness: initial; text-decoration-style: initial; text-decoration-color: initial;\\\"><li style=\\\"box-sizing: inherit; font-size: 0.875rem;\\\"><strong style=\\\"box-sizing: inherit; font-weight: 700;\\\">Select “No Limits Per Claim”<span>&nbsp;</span></strong>With a liability cap of $20,000, our Gold Plans offer exceptional coverage.</li><li style=\\\"box-sizing: inherit; font-size: 0.875rem;\\\"><strong style=\\\"box-sizing: inherit; font-weight: 700;\\\">Quick &amp; Stress-Free Claims Process:</strong>Get Covered Canada is committed to a fast and seamless claims process, allowing you to select your preferred repair shop.</li></ul><h6 class=\\\"MuiTypography-root MuiTypography-h6 css-j31rgm-MuiTypography-root\\\" style=\\\"box-sizing: inherit; margin: 0px; font-family: Roboto, Helvetica, Arial, sans-serif; line-height: 1.6; letter-spacing: 0.0075em; font-size: 0.875rem; font-weight: 700; color: rgba(0, 0, 0, 0.87); font-style: normal; font-variant-ligatures: normal; font-variant-caps: normal; orphans: 2; text-align: start; text-indent: 0px; text-transform: none; widows: 2; word-spacing: 0px; -webkit-text-stroke-width: 0px; white-space: normal; background-color: rgb(255, 255, 255); text-decoration-thickness: initial; text-decoration-style: initial; text-decoration-color: initial;\\\">Coverage for Vehicles Less than 7 Years Old</h6><ul style=\\\"box-sizing: inherit; color: rgba(0, 0, 0, 0.87); font-family: Roboto, Helvetica, Arial, sans-serif; font-size: 16px; font-style: normal; font-variant-ligatures: normal; font-variant-caps: normal; font-weight: 400; letter-spacing: 0.15008px; orphans: 2; text-align: start; text-indent: 0px; text-transform: none; widows: 2; word-spacing: 0px; -webkit-text-stroke-width: 0px; white-space: normal; background-color: rgb(255, 255, 255); text-decoration-thickness: initial; text-decoration-style: initial; text-decoration-color: initial;\\\"><li style=\\\"box-sizing: inherit; font-size: 0.875rem;\\\">We provide tailored plans for new or used vehicles of any age. Speak with one of our Customer Service Associates to find the right coverage for your vehicle.</li></ul>\"', '[{\"productName\":\"60 Months/105000 KM\",\"productPrice\":\"1319\"},{\"productName\":\"60 Months/105000 KM\",\"productPrice\":\"1319\"},{\"productName\":\"48 Months/85000 KM\",\"productPrice\":\"949\"},{\"productName\":\"36 Months/65000 KM\",\"productPrice\":\"739\"},{\"productName\":\"24 Months/50000 KM\",\"productPrice\":\"569\"}]', './Images/1736683808003.pdf'),
(5, '1', '9', 'Gold Elite  $2500 Per Claim', '12', '\"<h6 class=\\\"MuiTypography-root MuiTypography-h6 css-b25l8b-MuiTypography-root\\\" style=\\\"box-sizing: inherit; margin: 0px; font-family: Roboto, Helvetica, Arial, sans-serif; line-height: 1.6; letter-spacing: 0.0075em; font-size: 1.3rem; font-weight: 700; overflow-wrap: break-word; color: rgba(0, 0, 0, 0.87); font-style: normal; font-variant-ligatures: normal; font-variant-caps: normal; orphans: 2; text-align: start; text-indent: 0px; text-transform: none; widows: 2; word-spacing: 0px; -webkit-text-stroke-width: 0px; white-space: normal; background-color: rgb(255, 255, 255); text-decoration-thickness: initial; text-decoration-style: initial; text-decoration-color: initial;\\\"><strong style=\\\"box-sizing: inherit; font-weight: 700;\\\">Gold Elite $2500 Per Claim </strong></h6><p class=\\\"MuiTypography-root MuiTypography-body1 css-nzo7zp-MuiTypography-root\\\" style=\\\"box-sizing: inherit; margin: 0px; font-family: Roboto, Helvetica, Arial, sans-serif; font-weight: 400; line-height: 1.5; letter-spacing: 0.00938em; font-size: 0.875rem; padding: 8px 0px; color: rgba(0, 0, 0, 0.87); font-style: normal; font-variant-ligatures: normal; font-variant-caps: normal; orphans: 2; text-align: start; text-indent: 0px; text-transform: none; widows: 2; word-spacing: 0px; -webkit-text-stroke-width: 0px; white-space: normal; background-color: rgb(255, 255, 255); text-decoration-thickness: initial; text-decoration-style: initial; text-decoration-color: initial;\\\"><br></p><h6 class=\\\"MuiTypography-root MuiTypography-h6 css-j31rgm-MuiTypography-root\\\" style=\\\"box-sizing: inherit; margin: 0px; font-family: Roboto, Helvetica, Arial, sans-serif; line-height: 1.6; letter-spacing: 0.0075em; font-size: 0.875rem; font-weight: 700; color: rgba(0, 0, 0, 0.87); font-style: normal; font-variant-ligatures: normal; font-variant-caps: normal; orphans: 2; text-align: start; text-indent: 0px; text-transform: none; widows: 2; word-spacing: 0px; -webkit-text-stroke-width: 0px; white-space: normal; background-color: rgb(255, 255, 255); text-decoration-thickness: initial; text-decoration-style: initial; text-decoration-color: initial;\\\">Components Covered</h6><ul style=\\\"box-sizing: inherit; color: rgba(0, 0, 0, 0.87); font-family: Roboto, Helvetica, Arial, sans-serif; font-size: 16px; font-style: normal; font-variant-ligatures: normal; font-variant-caps: normal; font-weight: 400; letter-spacing: 0.15008px; orphans: 2; text-align: start; text-indent: 0px; text-transform: none; widows: 2; word-spacing: 0px; -webkit-text-stroke-width: 0px; white-space: normal; background-color: rgb(255, 255, 255); text-decoration-thickness: initial; text-decoration-style: initial; text-decoration-color: initial;\\\"><li style=\\\"box-sizing: inherit; font-size: 0.875rem;\\\">Extended Electric System Including Power Options in the Cabin</li><li style=\\\"box-sizing: inherit; font-size: 0.875rem;\\\">Cooling System Including Water Pump and Radiator</li><li style=\\\"box-sizing: inherit; font-size: 0.875rem;\\\">Front Suspension Components</li><li style=\\\"box-sizing: inherit; font-size: 0.875rem;\\\">Rear Suspension Components</li></ul><h6 class=\\\"MuiTypography-root MuiTypography-h6 css-j31rgm-MuiTypography-root\\\" style=\\\"box-sizing: inherit; margin: 0px; font-family: Roboto, Helvetica, Arial, sans-serif; line-height: 1.6; letter-spacing: 0.0075em; font-size: 0.875rem; font-weight: 700; color: rgba(0, 0, 0, 0.87); font-style: normal; font-variant-ligatures: normal; font-variant-caps: normal; orphans: 2; text-align: start; text-indent: 0px; text-transform: none; widows: 2; word-spacing: 0px; -webkit-text-stroke-width: 0px; white-space: normal; background-color: rgb(255, 255, 255); text-decoration-thickness: initial; text-decoration-style: initial; text-decoration-color: initial;\\\">Please see your contract for full terms and conditions. Plans offered by some dealers may differ slightly from the information here</h6><h6 class=\\\"MuiTypography-root MuiTypography-h6 css-j31rgm-MuiTypography-root\\\" style=\\\"box-sizing: inherit; margin: 0px; font-family: Roboto, Helvetica, Arial, sans-serif; line-height: 1.6; letter-spacing: 0.0075em; font-size: 0.875rem; font-weight: 700; color: rgba(0, 0, 0, 0.87); font-style: normal; font-variant-ligatures: normal; font-variant-caps: normal; orphans: 2; text-align: start; text-indent: 0px; text-transform: none; widows: 2; word-spacing: 0px; -webkit-text-stroke-width: 0px; white-space: normal; background-color: rgb(255, 255, 255); text-decoration-thickness: initial; text-decoration-style: initial; text-decoration-color: initial;\\\">Features</h6><ul style=\\\"box-sizing: inherit; color: rgba(0, 0, 0, 0.87); font-family: Roboto, Helvetica, Arial, sans-serif; font-size: 16px; font-style: normal; font-variant-ligatures: normal; font-variant-caps: normal; font-weight: 400; letter-spacing: 0.15008px; orphans: 2; text-align: start; text-indent: 0px; text-transform: none; widows: 2; word-spacing: 0px; -webkit-text-stroke-width: 0px; white-space: normal; background-color: rgb(255, 255, 255); text-decoration-thickness: initial; text-decoration-style: initial; text-decoration-color: initial;\\\"><li style=\\\"box-sizing: inherit; font-size: 0.875rem;\\\"><strong style=\\\"box-sizing: inherit; font-weight: 700;\\\">Select “No Limits Per Claim”<span>&nbsp;</span></strong>With a liability cap of $20,000, our Gold Plans offer exceptional coverage.</li><li style=\\\"box-sizing: inherit; font-size: 0.875rem;\\\"><strong style=\\\"box-sizing: inherit; font-weight: 700;\\\">Quick &amp; Stress-Free Claims Process:</strong>Get Covered Canada is committed to a fast and seamless claims process, allowing you to select your preferred repair shop.</li></ul><h6 class=\\\"MuiTypography-root MuiTypography-h6 css-j31rgm-MuiTypography-root\\\" style=\\\"box-sizing: inherit; margin: 0px; font-family: Roboto, Helvetica, Arial, sans-serif; line-height: 1.6; letter-spacing: 0.0075em; font-size: 0.875rem; font-weight: 700; color: rgba(0, 0, 0, 0.87); font-style: normal; font-variant-ligatures: normal; font-variant-caps: normal; orphans: 2; text-align: start; text-indent: 0px; text-transform: none; widows: 2; word-spacing: 0px; -webkit-text-stroke-width: 0px; white-space: normal; background-color: rgb(255, 255, 255); text-decoration-thickness: initial; text-decoration-style: initial; text-decoration-color: initial;\\\">Coverage for Vehicles Less than 7 Years Old</h6><ul style=\\\"box-sizing: inherit; color: rgba(0, 0, 0, 0.87); font-family: Roboto, Helvetica, Arial, sans-serif; font-size: 16px; font-style: normal; font-variant-ligatures: normal; font-variant-caps: normal; font-weight: 400; letter-spacing: 0.15008px; orphans: 2; text-align: start; text-indent: 0px; text-transform: none; widows: 2; word-spacing: 0px; -webkit-text-stroke-width: 0px; white-space: normal; background-color: rgb(255, 255, 255); text-decoration-thickness: initial; text-decoration-style: initial; text-decoration-color: initial;\\\"><li style=\\\"box-sizing: inherit; font-size: 0.875rem;\\\">We provide tailored plans for new or used vehicles of any age. Speak with one of our Customer Service Associates to find the right coverage for your vehicle</li></ul>\"', '[{\"productName\":\"60 Months/105000 KM\",\"productPrice\":\"1165\"},{\"productName\":\"48 Months/85000 KM\",\"productPrice\":\"1009\"},{\"productName\":\"36 Months/65000 KM\",\"productPrice\":\"839\"},{\"productName\":\"24 Months/50000 KM\",\"productPrice\":\"749\"},{\"productName\":\"12 Months/25000 KM\",\"productPrice\":\"499\"}]', './Images/1736683808003.pdf'),
(6, '1', '9', 'Gold Elite  No Per Claim Max', '13', '\"<h6><strong style=\\\"color: rgba(0, 0, 0, 0.87); background-color: rgb(255, 255, 255);\\\">Gold Elite No Per Claim Max </strong></h6><h6><strong style=\\\"color: rgba(0, 0, 0, 0.87); background-color: rgb(255, 255, 255);\\\">Components Covered</strong></h6><ol><li data-list=\\\"bullet\\\"><span class=\\\"ql-ui\\\" contenteditable=\\\"false\\\"></span><span style=\\\"color: rgba(0, 0, 0, 0.87); background-color: rgb(255, 255, 255);\\\">Powertrain Components Including Sensors, Seals &amp; Gaskets*</span></li><li data-list=\\\"bullet\\\"><span class=\\\"ql-ui\\\" contenteditable=\\\"false\\\"></span><span style=\\\"color: rgba(0, 0, 0, 0.87); background-color: rgb(255, 255, 255);\\\">Air Conditioning</span></li><li data-list=\\\"bullet\\\"><span class=\\\"ql-ui\\\" contenteditable=\\\"false\\\"></span><span style=\\\"color: rgba(0, 0, 0, 0.87); background-color: rgb(255, 255, 255);\\\">Turbo Charger</span></li><li data-list=\\\"bullet\\\"><span class=\\\"ql-ui\\\" contenteditable=\\\"false\\\"></span><span style=\\\"color: rgba(0, 0, 0, 0.87); background-color: rgb(255, 255, 255);\\\">Electronic Ignition</span></li><li data-list=\\\"bullet\\\"><span class=\\\"ql-ui\\\" contenteditable=\\\"false\\\"></span><span style=\\\"color: rgba(0, 0, 0, 0.87); background-color: rgb(255, 255, 255);\\\">Electric System</span></li><li data-list=\\\"bullet\\\"><span class=\\\"ql-ui\\\" contenteditable=\\\"false\\\"></span><span style=\\\"color: rgba(0, 0, 0, 0.87); background-color: rgb(255, 255, 255);\\\">Fuel Injection System</span></li><li data-list=\\\"bullet\\\"><span class=\\\"ql-ui\\\" contenteditable=\\\"false\\\"></span><span style=\\\"color: rgba(0, 0, 0, 0.87); background-color: rgb(255, 255, 255);\\\">Brakes &amp; ABS Brakes</span></li><li data-list=\\\"bullet\\\"><span class=\\\"ql-ui\\\" contenteditable=\\\"false\\\"></span><span style=\\\"color: rgba(0, 0, 0, 0.87); background-color: rgb(255, 255, 255);\\\">Power Steering</span></li></ol><h6><strong style=\\\"color: rgba(0, 0, 0, 0.87); background-color: rgb(255, 255, 255);\\\">Seals &amp; Gaskets on Covered Parts Only</strong></h6><h6><strong style=\\\"color: rgba(0, 0, 0, 0.87); background-color: rgb(255, 255, 255);\\\">Features</strong></h6><ol><li data-list=\\\"bullet\\\"><span class=\\\"ql-ui\\\" contenteditable=\\\"false\\\"></span><strong style=\\\"color: rgba(0, 0, 0, 0.87); background-color: rgb(255, 255, 255);\\\">Select “No Limits Per Claim” </strong><span style=\\\"color: rgba(0, 0, 0, 0.87); background-color: rgb(255, 255, 255);\\\">With a liability cap of $20,000, our Gold Plans offer exceptional coverage.</span></li><li data-list=\\\"bullet\\\"><span class=\\\"ql-ui\\\" contenteditable=\\\"false\\\"></span><strong style=\\\"color: rgba(0, 0, 0, 0.87); background-color: rgb(255, 255, 255);\\\">Quick &amp; Stress-Free Claims Process:</strong><span style=\\\"color: rgba(0, 0, 0, 0.87); background-color: rgb(255, 255, 255);\\\">Get Covered Canada is committed to a fast and seamless claims process, allowing you to select your preferred repair shop.</span></li></ol><h6><strong style=\\\"color: rgba(0, 0, 0, 0.87); background-color: rgb(255, 255, 255);\\\">Coverage for Vehicles Less than 7 Years Old</strong></h6><ol><li data-list=\\\"bullet\\\"><span class=\\\"ql-ui\\\" contenteditable=\\\"false\\\"></span><span style=\\\"color: rgba(0, 0, 0, 0.87); background-color: rgb(255, 255, 255);\\\">We provide tailored plans for new or used vehicles of any age. Speak with one of our Customer Service Associates to find the right coverage for your vehicle.</span></li></ol>\"', '[{\"productName\":\"60 Months/105000 KM\",\"productPrice\":\"1395\"},{\"productName\":\"48 Months/105000 KM\",\"productPrice\":\"1199\"},{\"productName\":\"36 Months/85000 KM\",\"productPrice\":\"999\"},{\"productName\":\"24 Months/65000 KM\",\"productPrice\":\"789\"},{\"productName\":\"12 Months/50000 KM\",\"productPrice\":\"569\"}]', './Images/1736683808003.pdf'),
(7, '1', '10', 'Gold Elite Hi-Tech $2500 Per Claim', '14', '\"<h6><strong style=\\\"background-color: rgb(255, 255, 255); color: rgba(0, 0, 0, 0.87);\\\">Gold Elite Hi-tech $2500 Per Claim </strong></h6><h6><strong style=\\\"background-color: rgb(255, 255, 255); color: rgba(0, 0, 0, 0.87);\\\">Components Covered</strong></h6><ol><li data-list=\\\"bullet\\\"><span class=\\\"ql-ui\\\" contenteditable=\\\"false\\\"></span><span style=\\\"background-color: rgb(255, 255, 255); color: rgba(0, 0, 0, 0.87);\\\">Powertrain Components Including Sensors, Seals &amp; Gaskets*</span></li><li data-list=\\\"bullet\\\"><span class=\\\"ql-ui\\\" contenteditable=\\\"false\\\"></span><span style=\\\"background-color: rgb(255, 255, 255); color: rgba(0, 0, 0, 0.87);\\\">Air Conditioning</span></li><li data-list=\\\"bullet\\\"><span class=\\\"ql-ui\\\" contenteditable=\\\"false\\\"></span><span style=\\\"background-color: rgb(255, 255, 255); color: rgba(0, 0, 0, 0.87);\\\">Turbo Charger</span></li><li data-list=\\\"bullet\\\"><span class=\\\"ql-ui\\\" contenteditable=\\\"false\\\"></span><span style=\\\"background-color: rgb(255, 255, 255); color: rgba(0, 0, 0, 0.87);\\\">Electronic Ignition</span></li><li data-list=\\\"bullet\\\"><span class=\\\"ql-ui\\\" contenteditable=\\\"false\\\"></span><span style=\\\"background-color: rgb(255, 255, 255); color: rgba(0, 0, 0, 0.87);\\\">Electric System</span></li><li data-list=\\\"bullet\\\"><span class=\\\"ql-ui\\\" contenteditable=\\\"false\\\"></span><span style=\\\"background-color: rgb(255, 255, 255); color: rgba(0, 0, 0, 0.87);\\\">Fuel Injection System</span></li><li data-list=\\\"bullet\\\"><span class=\\\"ql-ui\\\" contenteditable=\\\"false\\\"></span><span style=\\\"background-color: rgb(255, 255, 255); color: rgba(0, 0, 0, 0.87);\\\">Brakes &amp; ABS Brakes</span></li><li data-list=\\\"bullet\\\"><span class=\\\"ql-ui\\\" contenteditable=\\\"false\\\"></span><span style=\\\"background-color: rgb(255, 255, 255); color: rgba(0, 0, 0, 0.87);\\\">Power Steering</span></li></ol><h6><strong style=\\\"background-color: rgb(255, 255, 255); color: rgba(0, 0, 0, 0.87);\\\">Seals &amp; Gaskets on Covered Parts Only</strong></h6><h6><strong style=\\\"background-color: rgb(255, 255, 255); color: rgba(0, 0, 0, 0.87);\\\">Features</strong></h6><ol><li data-list=\\\"bullet\\\"><span class=\\\"ql-ui\\\" contenteditable=\\\"false\\\"></span><strong style=\\\"background-color: rgb(255, 255, 255); color: rgba(0, 0, 0, 0.87);\\\">Select “No Limits Per Claim” </strong><span style=\\\"background-color: rgb(255, 255, 255); color: rgba(0, 0, 0, 0.87);\\\">With a liability cap of $20,000, our Gold Plans offer exceptional coverage.</span></li><li data-list=\\\"bullet\\\"><span class=\\\"ql-ui\\\" contenteditable=\\\"false\\\"></span><strong style=\\\"background-color: rgb(255, 255, 255); color: rgba(0, 0, 0, 0.87);\\\">Quick &amp; Stress-Free Claims Process:</strong><span style=\\\"background-color: rgb(255, 255, 255); color: rgba(0, 0, 0, 0.87);\\\">Get Covered Canada is committed to a fast and seamless claims process, allowing you to select your preferred repair shop.</span></li></ol><h6><strong style=\\\"background-color: rgb(255, 255, 255); color: rgba(0, 0, 0, 0.87);\\\">Coverage for Vehicles Less than 7 Years Old</strong></h6><ol><li data-list=\\\"bullet\\\"><span class=\\\"ql-ui\\\" contenteditable=\\\"false\\\"></span><span style=\\\"background-color: rgb(255, 255, 255); color: rgba(0, 0, 0, 0.87);\\\">We provide tailored plans for new or used vehicles of any age. Speak with one of our Customer Service Associates to find the right coverage for your vehicle.</span></li></ol>\"', '[{\"productName\":\"60 Months/105000 KM\",\"productPrice\":\"1439\"},{\"productName\":\"48 Months/105000 KM\",\"productPrice\":\"1249\"},{\"productName\":\"36 Months/85000 KM\",\"productPrice\":\"1029\"},{\"productName\":\"24 Months/65000 KM\",\"productPrice\":\"799\"},{\"productName\":\"12 Months/50000 KM\",\"productPrice\":\"609\"}]', './Images/1736683808003.pdf'),
(8, '1', '10', 'Gold Elite Hi-Tech No Per Claim Max', '15', '\"<h6><strong style=\\\"background-color: rgb(255, 255, 255); color: rgba(0, 0, 0, 0.87);\\\">Gold Elite Hi-Tech No Per Claim Max </strong></h6><h6><strong style=\\\"background-color: rgb(255, 255, 255); color: rgba(0, 0, 0, 0.87);\\\">Components Covered</strong></h6><ol><li data-list=\\\"bullet\\\"><span class=\\\"ql-ui\\\" contenteditable=\\\"false\\\"></span><span style=\\\"background-color: rgb(255, 255, 255); color: rgba(0, 0, 0, 0.87);\\\">Powertrain Components Including Sensors, Seals &amp; Gaskets*</span></li><li data-list=\\\"bullet\\\"><span class=\\\"ql-ui\\\" contenteditable=\\\"false\\\"></span><span style=\\\"background-color: rgb(255, 255, 255); color: rgba(0, 0, 0, 0.87);\\\">Air Conditioning</span></li><li data-list=\\\"bullet\\\"><span class=\\\"ql-ui\\\" contenteditable=\\\"false\\\"></span><span style=\\\"background-color: rgb(255, 255, 255); color: rgba(0, 0, 0, 0.87);\\\">Turbo Charger</span></li><li data-list=\\\"bullet\\\"><span class=\\\"ql-ui\\\" contenteditable=\\\"false\\\"></span><span style=\\\"background-color: rgb(255, 255, 255); color: rgba(0, 0, 0, 0.87);\\\">Electronic Ignition</span></li><li data-list=\\\"bullet\\\"><span class=\\\"ql-ui\\\" contenteditable=\\\"false\\\"></span><span style=\\\"background-color: rgb(255, 255, 255); color: rgba(0, 0, 0, 0.87);\\\">Electric System</span></li><li data-list=\\\"bullet\\\"><span class=\\\"ql-ui\\\" contenteditable=\\\"false\\\"></span><span style=\\\"background-color: rgb(255, 255, 255); color: rgba(0, 0, 0, 0.87);\\\">Fuel Injection System</span></li><li data-list=\\\"bullet\\\"><span class=\\\"ql-ui\\\" contenteditable=\\\"false\\\"></span><span style=\\\"background-color: rgb(255, 255, 255); color: rgba(0, 0, 0, 0.87);\\\">Brakes &amp; ABS Brakes</span></li><li data-list=\\\"bullet\\\"><span class=\\\"ql-ui\\\" contenteditable=\\\"false\\\"></span><span style=\\\"background-color: rgb(255, 255, 255); color: rgba(0, 0, 0, 0.87);\\\">Power Steering</span></li></ol><h6><strong style=\\\"background-color: rgb(255, 255, 255); color: rgba(0, 0, 0, 0.87);\\\">Seals &amp; Gaskets on Covered Parts Only</strong></h6><h6><strong style=\\\"background-color: rgb(255, 255, 255); color: rgba(0, 0, 0, 0.87);\\\">Features</strong></h6><ol><li data-list=\\\"bullet\\\"><span class=\\\"ql-ui\\\" contenteditable=\\\"false\\\"></span><strong style=\\\"background-color: rgb(255, 255, 255); color: rgba(0, 0, 0, 0.87);\\\">Select “No Limits Per Claim” </strong><span style=\\\"background-color: rgb(255, 255, 255); color: rgba(0, 0, 0, 0.87);\\\">With a liability cap of $20,000, our Gold Plans offer exceptional coverage.</span></li><li data-list=\\\"bullet\\\"><span class=\\\"ql-ui\\\" contenteditable=\\\"false\\\"></span><strong style=\\\"background-color: rgb(255, 255, 255); color: rgba(0, 0, 0, 0.87);\\\">Quick &amp; Stress-Free Claims Process:</strong><span style=\\\"background-color: rgb(255, 255, 255); color: rgba(0, 0, 0, 0.87);\\\">Get Covered Canada is committed to a fast and seamless claims process, allowing you to select your preferred repair shop.</span></li></ol><h6><strong style=\\\"background-color: rgb(255, 255, 255); color: rgba(0, 0, 0, 0.87);\\\">Coverage for Vehicles Less than 7 Years Old</strong></h6><ol><li data-list=\\\"bullet\\\"><span class=\\\"ql-ui\\\" contenteditable=\\\"false\\\"></span><span style=\\\"background-color: rgb(255, 255, 255); color: rgba(0, 0, 0, 0.87);\\\">We provide tailored plans for new or used vehicles of any age. Speak with one of our Customer Service Associates to find the right coverage for your vehicle.</span></li></ol>\"', '[{\"productName\":\"60 Months/105000 KM\",\"productPrice\":\"1319\"},{\"productName\":\"60 Months/105000 KM\",\"productPrice\":\"1319\"},{\"productName\":\"48 Months/85000 KM\",\"productPrice\":\"949\"},{\"productName\":\"36 Months/65000 KM\",\"productPrice\":\"739\"},{\"productName\":\"24 Months/50000 KM\",\"productPrice\":\"569\"}]', './Images/1736683808003.pdf'),
(9, '2', '11', 'Silver Powertrain $1500 Claim', '17', '\"<h6 class=\\\"MuiTypography-root MuiTypography-h6 css-b25l8b-MuiTypography-root\\\" style=\\\"box-sizing: inherit; margin: 0px; font-family: Roboto, Helvetica, Arial, sans-serif; line-height: 1.6; letter-spacing: 0.0075em; font-size: 1.3rem; font-weight: 700; overflow-wrap: break-word; color: rgba(0, 0, 0, 0.87); font-style: normal; font-variant-ligatures: normal; font-variant-caps: normal; orphans: 2; text-align: start; text-indent: 0px; text-transform: none; widows: 2; word-spacing: 0px; -webkit-text-stroke-width: 0px; white-space: normal; background-color: rgb(255, 255, 255); text-decoration-thickness: initial; text-decoration-style: initial; text-decoration-color: initial;\\\"><strong style=\\\"box-sizing: inherit; font-weight: 700;\\\">Silver Powertrain $1500 Per Claim </strong></h6><h6 class=\\\"MuiTypography-root MuiTypography-h6 css-j31rgm-MuiTypography-root\\\" style=\\\"box-sizing: inherit; margin: 0px; font-family: Roboto, Helvetica, Arial, sans-serif; line-height: 1.6; letter-spacing: 0.0075em; font-size: 0.875rem; font-weight: 700; color: rgba(0, 0, 0, 0.87); font-style: normal; font-variant-ligatures: normal; font-variant-caps: normal; orphans: 2; text-align: start; text-indent: 0px; text-transform: none; widows: 2; word-spacing: 0px; -webkit-text-stroke-width: 0px; white-space: normal; background-color: rgb(255, 255, 255); text-decoration-thickness: initial; text-decoration-style: initial; text-decoration-color: initial;\\\">For vehicles with less than 500,000 KMs on the Odometer, these plans cover:</h6><ul style=\\\"box-sizing: inherit; color: rgba(0, 0, 0, 0.87); font-family: Roboto, Helvetica, Arial, sans-serif; font-size: 16px; font-style: normal; font-variant-ligatures: normal; font-variant-caps: normal; font-weight: 400; letter-spacing: 0.15008px; orphans: 2; text-align: start; text-indent: 0px; text-transform: none; widows: 2; word-spacing: 0px; -webkit-text-stroke-width: 0px; white-space: normal; background-color: rgb(255, 255, 255); text-decoration-thickness: initial; text-decoration-style: initial; text-decoration-color: initial;\\\"><li style=\\\"box-sizing: inherit; font-size: 0.875rem;\\\">Engine</li><li style=\\\"box-sizing: inherit; font-size: 0.875rem;\\\">Turbo or Super Charger</li><li style=\\\"box-sizing: inherit; font-size: 0.875rem;\\\">Automatic or Manual Transmission</li><li style=\\\"box-sizing: inherit; font-size: 0.875rem;\\\">Transfer case</li><li style=\\\"box-sizing: inherit; font-size: 0.875rem;\\\">Differential</li><li style=\\\"box-sizing: inherit; font-size: 0.875rem;\\\">Transaxle</li><li style=\\\"box-sizing: inherit; font-size: 0.875rem;\\\">Car Rental</li><li style=\\\"box-sizing: inherit; font-size: 0.875rem;\\\">Trip Interruption</li></ul><h6 class=\\\"MuiTypography-root MuiTypography-h6 css-j31rgm-MuiTypography-root\\\" style=\\\"box-sizing: inherit; margin: 0px; font-family: Roboto, Helvetica, Arial, sans-serif; line-height: 1.6; letter-spacing: 0.0075em; font-size: 0.875rem; font-weight: 700; color: rgba(0, 0, 0, 0.87); font-style: normal; font-variant-ligatures: normal; font-variant-caps: normal; orphans: 2; text-align: start; text-indent: 0px; text-transform: none; widows: 2; word-spacing: 0px; -webkit-text-stroke-width: 0px; white-space: normal; background-color: rgb(255, 255, 255); text-decoration-thickness: initial; text-decoration-style: initial; text-decoration-color: initial;\\\">Please see your contract for full terms and conditions. Plans offered by some dealers may differ slightly from the information here.</h6><h6 class=\\\"MuiTypography-root MuiTypography-h6 css-j31rgm-MuiTypography-root\\\" style=\\\"box-sizing: inherit; margin: 0px; font-family: Roboto, Helvetica, Arial, sans-serif; line-height: 1.6; letter-spacing: 0.0075em; font-size: 0.875rem; font-weight: 700; color: rgba(0, 0, 0, 0.87); font-style: normal; font-variant-ligatures: normal; font-variant-caps: normal; orphans: 2; text-align: start; text-indent: 0px; text-transform: none; widows: 2; word-spacing: 0px; -webkit-text-stroke-width: 0px; white-space: normal; background-color: rgb(255, 255, 255); text-decoration-thickness: initial; text-decoration-style: initial; text-decoration-color: initial;\\\">Features</h6><ul style=\\\"box-sizing: inherit; color: rgba(0, 0, 0, 0.87); font-family: Roboto, Helvetica, Arial, sans-serif; font-size: 16px; font-style: normal; font-variant-ligatures: normal; font-variant-caps: normal; font-weight: 400; letter-spacing: 0.15008px; orphans: 2; text-align: start; text-indent: 0px; text-transform: none; widows: 2; word-spacing: 0px; -webkit-text-stroke-width: 0px; white-space: normal; background-color: rgb(255, 255, 255); text-decoration-thickness: initial; text-decoration-style: initial; text-decoration-color: initial;\\\"><li style=\\\"box-sizing: inherit; font-size: 0.875rem;\\\"><strong style=\\\"box-sizing: inherit; font-weight: 700;\\\">Affordable $75 Deductible</strong>Each plan includes a $75 deductible per claim.</li><li style=\\\"box-sizing: inherit; font-size: 0.875rem;\\\"><strong style=\\\"box-sizing: inherit; font-weight: 700;\\\">Quick &amp; Stress-Free Claims Process</strong>Get Covered Canada is committed to a fast and seamless claims process, allowing you to select your preferred repair shop.</li><li style=\\\"box-sizing: inherit; font-size: 0.875rem;\\\"><strong style=\\\"box-sizing: inherit; font-weight: 700;\\\">Choose No Distance Restrictions:</strong>Our 1- or 2-Year Silver Powertrain Plus Plans include an option for unlimited kilometers.</li></ul>\"', '[{\"productName\":\"24 Months/30000 KM\",\"productPrice\":\"525\"},{\"productName\":\"12 Months/15000 KM\",\"productPrice\":\"410\"},{\"productName\":\"12 Months/15000 KM\",\"productPrice\":\"385\"}]', './Images/1736683808003.pdf'),
(10, '2', '11', 'Silver Powertrain $2500 claim', '18', '\"<h6 class=\\\"MuiTypography-root MuiTypography-h6 css-b25l8b-MuiTypography-root\\\" style=\\\"box-sizing: inherit; margin: 0px; font-family: Roboto, Helvetica, Arial, sans-serif; line-height: 1.6; letter-spacing: 0.0075em; font-size: 1.3rem; font-weight: 700; overflow-wrap: break-word; color: rgba(0, 0, 0, 0.87); font-style: normal; font-variant-ligatures: normal; font-variant-caps: normal; orphans: 2; text-align: start; text-indent: 0px; text-transform: none; widows: 2; word-spacing: 0px; -webkit-text-stroke-width: 0px; white-space: normal; background-color: rgb(255, 255, 255); text-decoration-thickness: initial; text-decoration-style: initial; text-decoration-color: initial;\\\"><strong style=\\\"box-sizing: inherit; font-weight: 700;\\\">Silver Powertrain $2500 Per Claim </strong></h6><h6 class=\\\"MuiTypography-root MuiTypography-h6 css-j31rgm-MuiTypography-root\\\" style=\\\"box-sizing: inherit; margin: 0px; font-family: Roboto, Helvetica, Arial, sans-serif; line-height: 1.6; letter-spacing: 0.0075em; font-size: 0.875rem; font-weight: 700; color: rgba(0, 0, 0, 0.87); font-style: normal; font-variant-ligatures: normal; font-variant-caps: normal; orphans: 2; text-align: start; text-indent: 0px; text-transform: none; widows: 2; word-spacing: 0px; -webkit-text-stroke-width: 0px; white-space: normal; background-color: rgb(255, 255, 255); text-decoration-thickness: initial; text-decoration-style: initial; text-decoration-color: initial;\\\">For vehicles with less than 500,000 KMs on the Odometer, these plans cover:</h6><ul style=\\\"box-sizing: inherit; color: rgba(0, 0, 0, 0.87); font-family: Roboto, Helvetica, Arial, sans-serif; font-size: 16px; font-style: normal; font-variant-ligatures: normal; font-variant-caps: normal; font-weight: 400; letter-spacing: 0.15008px; orphans: 2; text-align: start; text-indent: 0px; text-transform: none; widows: 2; word-spacing: 0px; -webkit-text-stroke-width: 0px; white-space: normal; background-color: rgb(255, 255, 255); text-decoration-thickness: initial; text-decoration-style: initial; text-decoration-color: initial;\\\"><li style=\\\"box-sizing: inherit; font-size: 0.875rem;\\\">Engine</li><li style=\\\"box-sizing: inherit; font-size: 0.875rem;\\\">Turbo or Super Charger</li><li style=\\\"box-sizing: inherit; font-size: 0.875rem;\\\">Automatic or Manual Transmission</li><li style=\\\"box-sizing: inherit; font-size: 0.875rem;\\\">Transfer case</li><li style=\\\"box-sizing: inherit; font-size: 0.875rem;\\\">Differential</li><li style=\\\"box-sizing: inherit; font-size: 0.875rem;\\\">Transaxle</li><li style=\\\"box-sizing: inherit; font-size: 0.875rem;\\\">Car Rental</li><li style=\\\"box-sizing: inherit; font-size: 0.875rem;\\\">Trip Interruption</li></ul><h6 class=\\\"MuiTypography-root MuiTypography-h6 css-j31rgm-MuiTypography-root\\\" style=\\\"box-sizing: inherit; margin: 0px; font-family: Roboto, Helvetica, Arial, sans-serif; line-height: 1.6; letter-spacing: 0.0075em; font-size: 0.875rem; font-weight: 700; color: rgba(0, 0, 0, 0.87); font-style: normal; font-variant-ligatures: normal; font-variant-caps: normal; orphans: 2; text-align: start; text-indent: 0px; text-transform: none; widows: 2; word-spacing: 0px; -webkit-text-stroke-width: 0px; white-space: normal; background-color: rgb(255, 255, 255); text-decoration-thickness: initial; text-decoration-style: initial; text-decoration-color: initial;\\\">Please see your contract for full terms and conditions. Plans offered by some dealers may differ slightly from the information here.</h6><h6 class=\\\"MuiTypography-root MuiTypography-h6 css-j31rgm-MuiTypography-root\\\" style=\\\"box-sizing: inherit; margin: 0px; font-family: Roboto, Helvetica, Arial, sans-serif; line-height: 1.6; letter-spacing: 0.0075em; font-size: 0.875rem; font-weight: 700; color: rgba(0, 0, 0, 0.87); font-style: normal; font-variant-ligatures: normal; font-variant-caps: normal; orphans: 2; text-align: start; text-indent: 0px; text-transform: none; widows: 2; word-spacing: 0px; -webkit-text-stroke-width: 0px; white-space: normal; background-color: rgb(255, 255, 255); text-decoration-thickness: initial; text-decoration-style: initial; text-decoration-color: initial;\\\">Features</h6><ul style=\\\"box-sizing: inherit; color: rgba(0, 0, 0, 0.87); font-family: Roboto, Helvetica, Arial, sans-serif; font-size: 16px; font-style: normal; font-variant-ligatures: normal; font-variant-caps: normal; font-weight: 400; letter-spacing: 0.15008px; orphans: 2; text-align: start; text-indent: 0px; text-transform: none; widows: 2; word-spacing: 0px; -webkit-text-stroke-width: 0px; white-space: normal; background-color: rgb(255, 255, 255); text-decoration-thickness: initial; text-decoration-style: initial; text-decoration-color: initial;\\\"><li style=\\\"box-sizing: inherit; font-size: 0.875rem;\\\"><strong style=\\\"box-sizing: inherit; font-weight: 700;\\\">Affordable $75 Deductible</strong>Each plan includes a $75 deductible per claim.</li><li style=\\\"box-sizing: inherit; font-size: 0.875rem;\\\"><strong style=\\\"box-sizing: inherit; font-weight: 700;\\\">Quick &amp; Stress-Free Claims Process</strong>Get Covered Canada is committed to a fast and seamless claims process, allowing you to select your preferred repair shop.</li><li style=\\\"box-sizing: inherit; font-size: 0.875rem;\\\"><strong style=\\\"box-sizing: inherit; font-weight: 700;\\\">Choose No Distance Restrictions:</strong>Our 1- or 2-Year Silver Powertrain Plus Plans include an option for unlimited kilometers.</li></ul>\"', '[{\"productName\":\"24 Months/30000 KM\",\"productPrice\":\"570\"},{\"productName\":\"12 Months/15000 KM\",\"productPrice\":\"500\"},{\"productName\":\"12 Months/15000 KM\",\"productPrice\":\"450\"}]', './Images/1736683808003.pdf');
INSERT INTO `product_details` (`id`, `category`, `subCat`, `subcategory`, `warrantyprotection`, `features`, `products`, `PDF`) VALUES
(11, '2', '12', 'Silver Powertrain Plus $2500 Per Claim', '19', '\"<h6 class=\\\"MuiTypography-root MuiTypography-h6 css-b25l8b-MuiTypography-root\\\" style=\\\"box-sizing: inherit; margin: 0px; font-family: Roboto, Helvetica, Arial, sans-serif; line-height: 1.6; letter-spacing: 0.0075em; font-size: 1.3rem; font-weight: 700; overflow-wrap: break-word; color: rgba(0, 0, 0, 0.87); font-style: normal; font-variant-ligatures: normal; font-variant-caps: normal; orphans: 2; text-align: start; text-indent: 0px; text-transform: none; widows: 2; word-spacing: 0px; -webkit-text-stroke-width: 0px; white-space: normal; background-color: rgb(255, 255, 255); text-decoration-thickness: initial; text-decoration-style: initial; text-decoration-color: initial;\\\"><strong style=\\\"box-sizing: inherit; font-weight: 700;\\\">Silver Powertrain Plus $2500 Per Claim</strong></h6><h6 class=\\\"MuiTypography-root MuiTypography-h6 css-j31rgm-MuiTypography-root\\\" style=\\\"box-sizing: inherit; margin: 0px; font-family: Roboto, Helvetica, Arial, sans-serif; line-height: 1.6; letter-spacing: 0.0075em; font-size: 0.875rem; font-weight: 700; color: rgba(0, 0, 0, 0.87); font-style: normal; font-variant-ligatures: normal; font-variant-caps: normal; orphans: 2; text-align: start; text-indent: 0px; text-transform: none; widows: 2; word-spacing: 0px; -webkit-text-stroke-width: 0px; white-space: normal; background-color: rgb(255, 255, 255); text-decoration-thickness: initial; text-decoration-style: initial; text-decoration-color: initial;\\\">For vehicles with less than 250,000 KMs and less than 11 years old</h6><ul style=\\\"box-sizing: inherit; color: rgba(0, 0, 0, 0.87); font-family: Roboto, Helvetica, Arial, sans-serif; font-size: 16px; font-style: normal; font-variant-ligatures: normal; font-variant-caps: normal; font-weight: 400; letter-spacing: 0.15008px; orphans: 2; text-align: start; text-indent: 0px; text-transform: none; widows: 2; word-spacing: 0px; -webkit-text-stroke-width: 0px; white-space: normal; background-color: rgb(255, 255, 255); text-decoration-thickness: initial; text-decoration-style: initial; text-decoration-color: initial;\\\"><li style=\\\"box-sizing: inherit; font-size: 0.875rem;\\\">Engine</li><li style=\\\"box-sizing: inherit; font-size: 0.875rem;\\\">Turbo or Super Charger</li><li style=\\\"box-sizing: inherit; font-size: 0.875rem;\\\">Automatic or Manual Transmission</li><li style=\\\"box-sizing: inherit; font-size: 0.875rem;\\\">Transfer case</li><li style=\\\"box-sizing: inherit; font-size: 0.875rem;\\\">Differential</li><li style=\\\"box-sizing: inherit; font-size: 0.875rem;\\\">Transaxle</li><li style=\\\"box-sizing: inherit; font-size: 0.875rem;\\\">Car Rental</li><li style=\\\"box-sizing: inherit; font-size: 0.875rem;\\\">Trip Interruption</li><li style=\\\"box-sizing: inherit; font-size: 0.875rem;\\\">Seals &amp; Gaskets</li><li style=\\\"box-sizing: inherit; font-size: 0.875rem;\\\">Air Conditioning</li><li style=\\\"box-sizing: inherit; font-size: 0.875rem;\\\">Electric System</li></ul><h6 class=\\\"MuiTypography-root MuiTypography-h6 css-j31rgm-MuiTypography-root\\\" style=\\\"box-sizing: inherit; margin: 0px; font-family: Roboto, Helvetica, Arial, sans-serif; line-height: 1.6; letter-spacing: 0.0075em; font-size: 0.875rem; font-weight: 700; color: rgba(0, 0, 0, 0.87); font-style: normal; font-variant-ligatures: normal; font-variant-caps: normal; orphans: 2; text-align: start; text-indent: 0px; text-transform: none; widows: 2; word-spacing: 0px; -webkit-text-stroke-width: 0px; white-space: normal; background-color: rgb(255, 255, 255); text-decoration-thickness: initial; text-decoration-style: initial; text-decoration-color: initial;\\\">Seals &amp; Gaskets on Covered Parts only</h6><h6 class=\\\"MuiTypography-root MuiTypography-h6 css-j31rgm-MuiTypography-root\\\" style=\\\"box-sizing: inherit; margin: 0px; font-family: Roboto, Helvetica, Arial, sans-serif; line-height: 1.6; letter-spacing: 0.0075em; font-size: 0.875rem; font-weight: 700; color: rgba(0, 0, 0, 0.87); font-style: normal; font-variant-ligatures: normal; font-variant-caps: normal; orphans: 2; text-align: start; text-indent: 0px; text-transform: none; widows: 2; word-spacing: 0px; -webkit-text-stroke-width: 0px; white-space: normal; background-color: rgb(255, 255, 255); text-decoration-thickness: initial; text-decoration-style: initial; text-decoration-color: initial;\\\">Please see your contract for full terms and conditions. Plans offered by some dealers may differ slightly from the information here.</h6><h6 class=\\\"MuiTypography-root MuiTypography-h6 css-j31rgm-MuiTypography-root\\\" style=\\\"box-sizing: inherit; margin: 0px; font-family: Roboto, Helvetica, Arial, sans-serif; line-height: 1.6; letter-spacing: 0.0075em; font-size: 0.875rem; font-weight: 700; color: rgba(0, 0, 0, 0.87); font-style: normal; font-variant-ligatures: normal; font-variant-caps: normal; orphans: 2; text-align: start; text-indent: 0px; text-transform: none; widows: 2; word-spacing: 0px; -webkit-text-stroke-width: 0px; white-space: normal; background-color: rgb(255, 255, 255); text-decoration-thickness: initial; text-decoration-style: initial; text-decoration-color: initial;\\\">Features</h6><ul style=\\\"box-sizing: inherit; color: rgba(0, 0, 0, 0.87); font-family: Roboto, Helvetica, Arial, sans-serif; font-size: 16px; font-style: normal; font-variant-ligatures: normal; font-variant-caps: normal; font-weight: 400; letter-spacing: 0.15008px; orphans: 2; text-align: start; text-indent: 0px; text-transform: none; widows: 2; word-spacing: 0px; -webkit-text-stroke-width: 0px; white-space: normal; background-color: rgb(255, 255, 255); text-decoration-thickness: initial; text-decoration-style: initial; text-decoration-color: initial;\\\"><li style=\\\"box-sizing: inherit; font-size: 0.875rem;\\\"><strong style=\\\"box-sizing: inherit; font-weight: 700;\\\">Affordable $75 Deductible</strong>Each plan includes a $75 deductible per claim.</li><li style=\\\"box-sizing: inherit; font-size: 0.875rem;\\\"><strong style=\\\"box-sizing: inherit; font-weight: 700;\\\">Quick &amp; Stress-Free Claims Process</strong>Get Covered Canada is committed to a fast and seamless claims process, allowing you to select your preferred repair shop.</li><li style=\\\"box-sizing: inherit; font-size: 0.875rem;\\\"><strong style=\\\"box-sizing: inherit; font-weight: 700;\\\">Choose No Distance Restrictions:</strong>Our 1- or 2-Year Silver Powertrain Plus Plans include an option for unlimited kilometers.</li></ul>\"', '[{\"productName\":\"36 Months/60000 KM\",\"productPrice\":\"700\"},{\"productName\":\"24 Months/60000 KM\",\"productPrice\":\"675\"},{\"productName\":\"24 Months/40000 KM\",\"productPrice\":\"625\"},{\"productName\":\"12 Months/30000 KM\",\"productPrice\":\"600\"},{\"productName\":\"12 Months/20000 KM\",\"productPrice\":\"525\"}]', './Images/1736683808003.pdf'),
(12, '2', '12', 'Silver Powertrain Plus $4000 Per Claim', '20', '\"<h6><strong style=\\\"background-color: rgb(255, 255, 255); color: rgba(0, 0, 0, 0.87);\\\">Silver Powertrain Plus $4000 Per Claim </strong></h6><h6><strong style=\\\"background-color: rgb(255, 255, 255); color: rgba(0, 0, 0, 0.87);\\\">For vehicles with less than 250,000 KMs and less than 11 years old</strong></h6><ol><li data-list=\\\"bullet\\\"><span class=\\\"ql-ui\\\" contenteditable=\\\"false\\\"></span><span style=\\\"background-color: rgb(255, 255, 255); color: rgba(0, 0, 0, 0.87);\\\">Engine</span></li><li data-list=\\\"bullet\\\"><span class=\\\"ql-ui\\\" contenteditable=\\\"false\\\"></span><span style=\\\"background-color: rgb(255, 255, 255); color: rgba(0, 0, 0, 0.87);\\\">Turbo or Super Charger</span></li><li data-list=\\\"bullet\\\"><span class=\\\"ql-ui\\\" contenteditable=\\\"false\\\"></span><span style=\\\"background-color: rgb(255, 255, 255); color: rgba(0, 0, 0, 0.87);\\\">Automatic or Manual Transmission</span></li><li data-list=\\\"bullet\\\"><span class=\\\"ql-ui\\\" contenteditable=\\\"false\\\"></span><span style=\\\"background-color: rgb(255, 255, 255); color: rgba(0, 0, 0, 0.87);\\\">Transfer case</span></li><li data-list=\\\"bullet\\\"><span class=\\\"ql-ui\\\" contenteditable=\\\"false\\\"></span><span style=\\\"background-color: rgb(255, 255, 255); color: rgba(0, 0, 0, 0.87);\\\">Differential</span></li><li data-list=\\\"bullet\\\"><span class=\\\"ql-ui\\\" contenteditable=\\\"false\\\"></span><span style=\\\"background-color: rgb(255, 255, 255); color: rgba(0, 0, 0, 0.87);\\\">Transaxle</span></li><li data-list=\\\"bullet\\\"><span class=\\\"ql-ui\\\" contenteditable=\\\"false\\\"></span><span style=\\\"background-color: rgb(255, 255, 255); color: rgba(0, 0, 0, 0.87);\\\">Car Rental</span></li><li data-list=\\\"bullet\\\"><span class=\\\"ql-ui\\\" contenteditable=\\\"false\\\"></span><span style=\\\"background-color: rgb(255, 255, 255); color: rgba(0, 0, 0, 0.87);\\\">Trip Interruption</span></li><li data-list=\\\"bullet\\\"><span class=\\\"ql-ui\\\" contenteditable=\\\"false\\\"></span><span style=\\\"background-color: rgb(255, 255, 255); color: rgba(0, 0, 0, 0.87);\\\">Seals &amp; Gaskets</span></li><li data-list=\\\"bullet\\\"><span class=\\\"ql-ui\\\" contenteditable=\\\"false\\\"></span><span style=\\\"background-color: rgb(255, 255, 255); color: rgba(0, 0, 0, 0.87);\\\">Air Conditioning</span></li><li data-list=\\\"bullet\\\"><span class=\\\"ql-ui\\\" contenteditable=\\\"false\\\"></span><span style=\\\"background-color: rgb(255, 255, 255); color: rgba(0, 0, 0, 0.87);\\\">Electric System</span></li></ol><h6><strong style=\\\"background-color: rgb(255, 255, 255); color: rgba(0, 0, 0, 0.87);\\\">Seals &amp; Gaskets on Covered Parts only</strong></h6><h6><strong style=\\\"background-color: rgb(255, 255, 255); color: rgba(0, 0, 0, 0.87);\\\">Please see your contract for full terms and conditions. Plans offered by some dealers may differ slightly from the information here.</strong></h6><h6><strong style=\\\"background-color: rgb(255, 255, 255); color: rgba(0, 0, 0, 0.87);\\\">Features</strong></h6><ol><li data-list=\\\"bullet\\\"><span class=\\\"ql-ui\\\" contenteditable=\\\"false\\\"></span><strong style=\\\"background-color: rgb(255, 255, 255); color: rgba(0, 0, 0, 0.87);\\\">Affordable $75 Deductible</strong><span style=\\\"background-color: rgb(255, 255, 255); color: rgba(0, 0, 0, 0.87);\\\">Each plan includes a $75 deductible per claim.</span></li><li data-list=\\\"bullet\\\"><span class=\\\"ql-ui\\\" contenteditable=\\\"false\\\"></span><strong style=\\\"background-color: rgb(255, 255, 255); color: rgba(0, 0, 0, 0.87);\\\">Quick &amp; Stress-Free Claims Process</strong><span style=\\\"background-color: rgb(255, 255, 255); color: rgba(0, 0, 0, 0.87);\\\">Get Covered Canada is committed to a fast and seamless claims process, allowing you to select your preferred repair shop.</span></li><li data-list=\\\"bullet\\\"><span class=\\\"ql-ui\\\" contenteditable=\\\"false\\\"></span><strong style=\\\"background-color: rgb(255, 255, 255); color: rgba(0, 0, 0, 0.87);\\\">Choose No Distance Restrictions:</strong><span style=\\\"background-color: rgb(255, 255, 255); color: rgba(0, 0, 0, 0.87);\\\">Our 1- or 2-Year Silver Powertrain Plus Plans include an option for unlimited kilometers.</span></li></ol>\"', '[{\"productName\":\"36 Months/60000 KM\",\"productPrice\":\"900\"},{\"productName\":\"24 Months/60000 KM\",\"productPrice\":\"875\"},{\"productName\":\"24 Months/40000 KM\",\"productPrice\":\"800\"},{\"productName\":\"12 Months/30000 KM\",\"productPrice\":\"775\"},{\"productName\":\"12 Months/20000 KM\",\"productPrice\":\"700\"}]', './Images/1736683808003.pdf'),
(13, '3', '13', 'Bronze Powertrain $1000 Per Claim', '21', '\"<h6 class=\\\"MuiTypography-root MuiTypography-h6 css-b25l8b-MuiTypography-root\\\" style=\\\"box-sizing: inherit; margin: 0px; font-family: Roboto, Helvetica, Arial, sans-serif; line-height: 1.6; letter-spacing: 0.0075em; font-size: 1.3rem; font-weight: 700; overflow-wrap: break-word; color: rgba(0, 0, 0, 0.87); font-style: normal; font-variant-ligatures: normal; font-variant-caps: normal; orphans: 2; text-align: start; text-indent: 0px; text-transform: none; widows: 2; word-spacing: 0px; -webkit-text-stroke-width: 0px; white-space: normal; background-color: rgb(255, 255, 255); text-decoration-thickness: initial; text-decoration-style: initial; text-decoration-color: initial;\\\"><strong style=\\\"box-sizing: inherit; font-weight: 700;\\\">Bronze Powertrain $1000 per claim </strong></h6><p class=\\\"MuiTypography-root MuiTypography-body1 css-nzo7zp-MuiTypography-root\\\" style=\\\"box-sizing: inherit; margin: 0px; font-family: Roboto, Helvetica, Arial, sans-serif; font-weight: 400; line-height: 1.5; letter-spacing: 0.00938em; font-size: 0.875rem; padding: 8px 0px; color: rgba(0, 0, 0, 0.87); font-style: normal; font-variant-ligatures: normal; font-variant-caps: normal; orphans: 2; text-align: start; text-indent: 0px; text-transform: none; widows: 2; word-spacing: 0px; -webkit-text-stroke-width: 0px; white-space: normal; background-color: rgb(255, 255, 255); text-decoration-thickness: initial; text-decoration-style: initial; text-decoration-color: initial;\\\"><br></p><h6 class=\\\"MuiTypography-root MuiTypography-h6 css-j31rgm-MuiTypography-root\\\" style=\\\"box-sizing: inherit; margin: 0px; font-family: Roboto, Helvetica, Arial, sans-serif; line-height: 1.6; letter-spacing: 0.0075em; font-size: 0.875rem; font-weight: 700; color: rgba(0, 0, 0, 0.87); font-style: normal; font-variant-ligatures: normal; font-variant-caps: normal; orphans: 2; text-align: start; text-indent: 0px; text-transform: none; widows: 2; word-spacing: 0px; -webkit-text-stroke-width: 0px; white-space: normal; background-color: rgb(255, 255, 255); text-decoration-thickness: initial; text-decoration-style: initial; text-decoration-color: initial;\\\">For vehicles with less than 250,000 KMs and less than 11 years old Affordable $75 Deductible per claim</h6><h6 class=\\\"MuiTypography-root MuiTypography-h6 css-j31rgm-MuiTypography-root\\\" style=\\\"box-sizing: inherit; margin: 0px; font-family: Roboto, Helvetica, Arial, sans-serif; line-height: 1.6; letter-spacing: 0.0075em; font-size: 0.875rem; font-weight: 700; color: rgba(0, 0, 0, 0.87); font-style: normal; font-variant-ligatures: normal; font-variant-caps: normal; orphans: 2; text-align: start; text-indent: 0px; text-transform: none; widows: 2; word-spacing: 0px; -webkit-text-stroke-width: 0px; white-space: normal; background-color: rgb(255, 255, 255); text-decoration-thickness: initial; text-decoration-style: initial; text-decoration-color: initial;\\\">Covered Components</h6><ul style=\\\"box-sizing: inherit; color: rgba(0, 0, 0, 0.87); font-family: Roboto, Helvetica, Arial, sans-serif; font-size: 16px; font-style: normal; font-variant-ligatures: normal; font-variant-caps: normal; font-weight: 400; letter-spacing: 0.15008px; orphans: 2; text-align: start; text-indent: 0px; text-transform: none; widows: 2; word-spacing: 0px; -webkit-text-stroke-width: 0px; white-space: normal; background-color: rgb(255, 255, 255); text-decoration-thickness: initial; text-decoration-style: initial; text-decoration-color: initial;\\\"><li style=\\\"box-sizing: inherit; font-size: 0.875rem;\\\">Engine</li><li style=\\\"box-sizing: inherit; font-size: 0.875rem;\\\">Turbo or Super Charger</li><li style=\\\"box-sizing: inherit; font-size: 0.875rem;\\\">Automatic or Manual Transmission</li><li style=\\\"box-sizing: inherit; font-size: 0.875rem;\\\">Transfer case</li><li style=\\\"box-sizing: inherit; font-size: 0.875rem;\\\">Differential</li><li style=\\\"box-sizing: inherit; font-size: 0.875rem;\\\">Transaxle</li><li style=\\\"box-sizing: inherit; font-size: 0.875rem;\\\"> Car Rental</li><li style=\\\"box-sizing: inherit; font-size: 0.875rem;\\\">Trip Interruption</li><li style=\\\"box-sizing: inherit; font-size: 0.875rem;\\\"> Seals &amp; Gaskets</li><li style=\\\"box-sizing: inherit; font-size: 0.875rem;\\\"> Air Conditioning</li><li style=\\\"box-sizing: inherit; font-size: 0.875rem;\\\">Electric System</li><li style=\\\"box-sizing: inherit; font-size: 0.875rem;\\\"> Water Pump</li><li style=\\\"box-sizing: inherit; font-size: 0.875rem;\\\">Fuel Injection System</li><li style=\\\"box-sizing: inherit; font-size: 0.875rem;\\\"> Power Steering</li><li style=\\\"box-sizing: inherit; font-size: 0.875rem;\\\"> Brakes</li><li style=\\\"box-sizing: inherit; font-size: 0.875rem;\\\"> ABS Brakes</li></ul><h6 class=\\\"MuiTypography-root MuiTypography-h6 css-j31rgm-MuiTypography-root\\\" style=\\\"box-sizing: inherit; margin: 0px; font-family: Roboto, Helvetica, Arial, sans-serif; line-height: 1.6; letter-spacing: 0.0075em; font-size: 0.875rem; font-weight: 700; color: rgba(0, 0, 0, 0.87); font-style: normal; font-variant-ligatures: normal; font-variant-caps: normal; orphans: 2; text-align: start; text-indent: 0px; text-transform: none; widows: 2; word-spacing: 0px; -webkit-text-stroke-width: 0px; white-space: normal; background-color: rgb(255, 255, 255); text-decoration-thickness: initial; text-decoration-style: initial; text-decoration-color: initial;\\\">Seals &amp; Gaskets on Covered Parts only</h6><h6 class=\\\"MuiTypography-root MuiTypography-h6 css-j31rgm-MuiTypography-root\\\" style=\\\"box-sizing: inherit; margin: 0px; font-family: Roboto, Helvetica, Arial, sans-serif; line-height: 1.6; letter-spacing: 0.0075em; font-size: 0.875rem; font-weight: 700; color: rgba(0, 0, 0, 0.87); font-style: normal; font-variant-ligatures: normal; font-variant-caps: normal; orphans: 2; text-align: start; text-indent: 0px; text-transform: none; widows: 2; word-spacing: 0px; -webkit-text-stroke-width: 0px; white-space: normal; background-color: rgb(255, 255, 255); text-decoration-thickness: initial; text-decoration-style: initial; text-decoration-color: initial;\\\">Please see your contract for full terms and conditions. Plans offered by some dealers may differ slightly from the information here.</h6><h6 class=\\\"MuiTypography-root MuiTypography-h6 css-j31rgm-MuiTypography-root\\\" style=\\\"box-sizing: inherit; margin: 0px; font-family: Roboto, Helvetica, Arial, sans-serif; line-height: 1.6; letter-spacing: 0.0075em; font-size: 0.875rem; font-weight: 700; color: rgba(0, 0, 0, 0.87); font-style: normal; font-variant-ligatures: normal; font-variant-caps: normal; orphans: 2; text-align: start; text-indent: 0px; text-transform: none; widows: 2; word-spacing: 0px; -webkit-text-stroke-width: 0px; white-space: normal; background-color: rgb(255, 255, 255); text-decoration-thickness: initial; text-decoration-style: initial; text-decoration-color: initial;\\\">Features</h6><ul style=\\\"box-sizing: inherit; color: rgba(0, 0, 0, 0.87); font-family: Roboto, Helvetica, Arial, sans-serif; font-size: 16px; font-style: normal; font-variant-ligatures: normal; font-variant-caps: normal; font-weight: 400; letter-spacing: 0.15008px; orphans: 2; text-align: start; text-indent: 0px; text-transform: none; widows: 2; word-spacing: 0px; -webkit-text-stroke-width: 0px; white-space: normal; background-color: rgb(255, 255, 255); text-decoration-thickness: initial; text-decoration-style: initial; text-decoration-color: initial;\\\"><li style=\\\"box-sizing: inherit; font-size: 0.875rem;\\\"><strong style=\\\"box-sizing: inherit; font-weight: 700;\\\">No Limits Per Claim</strong>With a liability cap of $20,000, our Plans offer exceptional coverage.</li><li style=\\\"box-sizing: inherit; font-size: 0.875rem;\\\"><strong style=\\\"box-sizing: inherit; font-weight: 700;\\\">Quick &amp; Stress-Free Claims Process:</strong>Get Covered Canada is committed to a fast and seamless claims process, allowing you to select your preferred repair shop.</li><li style=\\\"box-sizing: inherit; font-size: 0.875rem;\\\"><strong style=\\\"box-sizing: inherit; font-weight: 700;\\\">Coverage for Vehicles Less than 7 Years Old</strong>We provide tailored plans for new or used vehicles of any age. Speak with one of our Customer Service Associates to find the right coverage for your vehicle.</li></ul><h6 class=\\\"MuiTypography-root MuiTypography-h6 css-j31rgm-MuiTypography-root\\\" style=\\\"box-sizing: inherit; margin: 0px; font-family: Roboto, Helvetica, Arial, sans-serif; line-height: 1.6; letter-spacing: 0.0075em; font-size: 0.875rem; font-weight: 700; color: rgba(0, 0, 0, 0.87); font-style: normal; font-variant-ligatures: normal; font-variant-caps: normal; orphans: 2; text-align: start; text-indent: 0px; text-transform: none; widows: 2; word-spacing: 0px; -webkit-text-stroke-width: 0px; white-space: normal; background-color: rgb(255, 255, 255); text-decoration-thickness: initial; text-decoration-style: initial; text-decoration-color: initial;\\\">Available For Vehicles 6 Model Years Old or Newer</h6><ul style=\\\"box-sizing: inherit; color: rgba(0, 0, 0, 0.87); font-family: Roboto, Helvetica, Arial, sans-serif; font-size: 16px; font-style: normal; font-variant-ligatures: normal; font-variant-caps: normal; font-weight: 400; letter-spacing: 0.15008px; orphans: 2; text-align: start; text-indent: 0px; text-transform: none; widows: 2; word-spacing: 0px; -webkit-text-stroke-width: 0px; white-space: normal; background-color: rgb(255, 255, 255); text-decoration-thickness: initial; text-decoration-style: initial; text-decoration-color: initial;\\\"><li style=\\\"box-sizing: inherit; font-size: 0.875rem;\\\">Our Premium Plans provide Coverage for your New or Used Vehicles.</li></ul>\"', '[{\"productName\":\"24 months / 20,000km\",\"productPrice\":\"300\"},{\"productName\":\"12 months / 10,000km\",\"productPrice\":\"250\"},{\"productName\":\"6 months / 5,000km\",\"productPrice\":\"175\"}]', './Images/1736683808003.pdf'),
(14, '3', '13', 'Bronze Powertrain $1500 Per Claim', '22', '\"<h6><strong style=\\\"color: rgba(0, 0, 0, 0.87); background-color: rgb(255, 255, 255);\\\">Bronze Powertrain $1500 per claim </strong></h6><p><br></p><h6><strong style=\\\"color: rgba(0, 0, 0, 0.87); background-color: rgb(255, 255, 255);\\\">For vehicles with less than 250,000 KMs and less than 11 years old Affordable $75 Deductible per claim</strong></h6><h6><strong style=\\\"color: rgba(0, 0, 0, 0.87); background-color: rgb(255, 255, 255);\\\">Covered Components</strong></h6><ol><li data-list=\\\"bullet\\\"><span class=\\\"ql-ui\\\" contenteditable=\\\"false\\\"></span><span style=\\\"color: rgba(0, 0, 0, 0.87); background-color: rgb(255, 255, 255);\\\">Engine</span></li><li data-list=\\\"bullet\\\"><span class=\\\"ql-ui\\\" contenteditable=\\\"false\\\"></span><span style=\\\"color: rgba(0, 0, 0, 0.87); background-color: rgb(255, 255, 255);\\\">Turbo or Super Charger</span></li><li data-list=\\\"bullet\\\"><span class=\\\"ql-ui\\\" contenteditable=\\\"false\\\"></span><span style=\\\"color: rgba(0, 0, 0, 0.87); background-color: rgb(255, 255, 255);\\\">Automatic or Manual Transmission</span></li><li data-list=\\\"bullet\\\"><span class=\\\"ql-ui\\\" contenteditable=\\\"false\\\"></span><span style=\\\"color: rgba(0, 0, 0, 0.87); background-color: rgb(255, 255, 255);\\\">Transfer case</span></li><li data-list=\\\"bullet\\\"><span class=\\\"ql-ui\\\" contenteditable=\\\"false\\\"></span><span style=\\\"color: rgba(0, 0, 0, 0.87); background-color: rgb(255, 255, 255);\\\">Differential</span></li><li data-list=\\\"bullet\\\"><span class=\\\"ql-ui\\\" contenteditable=\\\"false\\\"></span><span style=\\\"color: rgba(0, 0, 0, 0.87); background-color: rgb(255, 255, 255);\\\">Transaxle</span></li><li data-list=\\\"bullet\\\"><span class=\\\"ql-ui\\\" contenteditable=\\\"false\\\"></span><span style=\\\"color: rgba(0, 0, 0, 0.87); background-color: rgb(255, 255, 255);\\\">Car Rental</span></li><li data-list=\\\"bullet\\\"><span class=\\\"ql-ui\\\" contenteditable=\\\"false\\\"></span><span style=\\\"color: rgba(0, 0, 0, 0.87); background-color: rgb(255, 255, 255);\\\">Trip Interruption</span></li><li data-list=\\\"bullet\\\"><span class=\\\"ql-ui\\\" contenteditable=\\\"false\\\"></span><span style=\\\"color: rgba(0, 0, 0, 0.87); background-color: rgb(255, 255, 255);\\\">Seals &amp; Gaskets</span></li><li data-list=\\\"bullet\\\"><span class=\\\"ql-ui\\\" contenteditable=\\\"false\\\"></span><span style=\\\"color: rgba(0, 0, 0, 0.87); background-color: rgb(255, 255, 255);\\\">Air Conditioning</span></li><li data-list=\\\"bullet\\\"><span class=\\\"ql-ui\\\" contenteditable=\\\"false\\\"></span><span style=\\\"color: rgba(0, 0, 0, 0.87); background-color: rgb(255, 255, 255);\\\">Electric System</span></li><li data-list=\\\"bullet\\\"><span class=\\\"ql-ui\\\" contenteditable=\\\"false\\\"></span><span style=\\\"color: rgba(0, 0, 0, 0.87); background-color: rgb(255, 255, 255);\\\">Water Pump</span></li><li data-list=\\\"bullet\\\"><span class=\\\"ql-ui\\\" contenteditable=\\\"false\\\"></span><span style=\\\"color: rgba(0, 0, 0, 0.87); background-color: rgb(255, 255, 255);\\\">Fuel Injection System</span></li><li data-list=\\\"bullet\\\"><span class=\\\"ql-ui\\\" contenteditable=\\\"false\\\"></span><span style=\\\"color: rgba(0, 0, 0, 0.87); background-color: rgb(255, 255, 255);\\\">Power Steering</span></li><li data-list=\\\"bullet\\\"><span class=\\\"ql-ui\\\" contenteditable=\\\"false\\\"></span><span style=\\\"color: rgba(0, 0, 0, 0.87); background-color: rgb(255, 255, 255);\\\">Brakes</span></li><li data-list=\\\"bullet\\\"><span class=\\\"ql-ui\\\" contenteditable=\\\"false\\\"></span><span style=\\\"color: rgba(0, 0, 0, 0.87); background-color: rgb(255, 255, 255);\\\">ABS Brakes</span></li></ol><h6><strong style=\\\"color: rgba(0, 0, 0, 0.87); background-color: rgb(255, 255, 255);\\\">Seals &amp; Gaskets on Covered Parts only</strong></h6><h6><strong style=\\\"color: rgba(0, 0, 0, 0.87); background-color: rgb(255, 255, 255);\\\">Please see your contract for full terms and conditions. Plans offered by some dealers may differ slightly from the information here.</strong></h6><h6><strong style=\\\"color: rgba(0, 0, 0, 0.87); background-color: rgb(255, 255, 255);\\\">Features</strong></h6><ol><li data-list=\\\"bullet\\\"><span class=\\\"ql-ui\\\" contenteditable=\\\"false\\\"></span><strong style=\\\"color: rgba(0, 0, 0, 0.87); background-color: rgb(255, 255, 255);\\\">No Limits Per Claim</strong><span style=\\\"color: rgba(0, 0, 0, 0.87); background-color: rgb(255, 255, 255);\\\">With a liability cap of $20,000, our Plans offer exceptional coverage.</span></li><li data-list=\\\"bullet\\\"><span class=\\\"ql-ui\\\" contenteditable=\\\"false\\\"></span><strong style=\\\"color: rgba(0, 0, 0, 0.87); background-color: rgb(255, 255, 255);\\\">Quick &amp; Stress-Free Claims Process:</strong><span style=\\\"color: rgba(0, 0, 0, 0.87); background-color: rgb(255, 255, 255);\\\">Get Covered Canada is committed to a fast and seamless claims process, allowing you to select your preferred repair shop.</span></li><li data-list=\\\"bullet\\\"><span class=\\\"ql-ui\\\" contenteditable=\\\"false\\\"></span><strong style=\\\"color: rgba(0, 0, 0, 0.87); background-color: rgb(255, 255, 255);\\\">Coverage for Vehicles Less than 7 Years Old</strong><span style=\\\"color: rgba(0, 0, 0, 0.87); background-color: rgb(255, 255, 255);\\\">We provide tailored plans for new or used vehicles of any age. Speak with one of our Customer Service Associates to find the right coverage for your vehicle.</span></li></ol><h6><strong style=\\\"color: rgba(0, 0, 0, 0.87); background-color: rgb(255, 255, 255);\\\">Available For Vehicles 6 Model Years Old or Newer</strong></h6><ol><li data-list=\\\"bullet\\\"><span class=\\\"ql-ui\\\" contenteditable=\\\"false\\\"></span><span style=\\\"color: rgba(0, 0, 0, 0.87); background-color: rgb(255, 255, 255);\\\">Our Premium Plans provide Coverage for your New or Used Vehicles.</span></li></ol>\"', '[{\"productName\":\"24 months / 20,000km\",\"productPrice\":\"375\"},{\"productName\":\"12 months / 10,000km\",\"productPrice\":\"300\"},{\"productName\":\"6 months / 5,000km\",\"productPrice\":\"195\"}]', './Images/1736683808003.pdf'),
(15, '3', '14', 'Bronze Powertrain Plus $1000 Per Claim', '23', '\"<h6><strong style=\\\"background-color: rgb(255, 255, 255); color: rgba(0, 0, 0, 0.87);\\\">Bronze Powertrain Plus $1000 per claim </strong></h6><p><br></p><h6><strong style=\\\"background-color: rgb(255, 255, 255); color: rgba(0, 0, 0, 0.87);\\\">For vehicles with less than 250,000 KMs and less than 11 years old Affordable $75 Deductible per claim</strong></h6><h6><strong style=\\\"background-color: rgb(255, 255, 255); color: rgba(0, 0, 0, 0.87);\\\">Covered Components</strong></h6><ol><li data-list=\\\"bullet\\\"><span class=\\\"ql-ui\\\" contenteditable=\\\"false\\\"></span><span style=\\\"background-color: rgb(255, 255, 255); color: rgba(0, 0, 0, 0.87);\\\">Engine</span></li><li data-list=\\\"bullet\\\"><span class=\\\"ql-ui\\\" contenteditable=\\\"false\\\"></span><span style=\\\"background-color: rgb(255, 255, 255); color: rgba(0, 0, 0, 0.87);\\\">Turbo or Super Charger</span></li><li data-list=\\\"bullet\\\"><span class=\\\"ql-ui\\\" contenteditable=\\\"false\\\"></span><span style=\\\"background-color: rgb(255, 255, 255); color: rgba(0, 0, 0, 0.87);\\\">Automatic or Manual Transmission</span></li><li data-list=\\\"bullet\\\"><span class=\\\"ql-ui\\\" contenteditable=\\\"false\\\"></span><span style=\\\"background-color: rgb(255, 255, 255); color: rgba(0, 0, 0, 0.87);\\\">Transfer case</span></li><li data-list=\\\"bullet\\\"><span class=\\\"ql-ui\\\" contenteditable=\\\"false\\\"></span><span style=\\\"background-color: rgb(255, 255, 255); color: rgba(0, 0, 0, 0.87);\\\">Differential</span></li><li data-list=\\\"bullet\\\"><span class=\\\"ql-ui\\\" contenteditable=\\\"false\\\"></span><span style=\\\"background-color: rgb(255, 255, 255); color: rgba(0, 0, 0, 0.87);\\\">Transaxle</span></li><li data-list=\\\"bullet\\\"><span class=\\\"ql-ui\\\" contenteditable=\\\"false\\\"></span><span style=\\\"background-color: rgb(255, 255, 255); color: rgba(0, 0, 0, 0.87);\\\">Car Rental</span></li><li data-list=\\\"bullet\\\"><span class=\\\"ql-ui\\\" contenteditable=\\\"false\\\"></span><span style=\\\"background-color: rgb(255, 255, 255); color: rgba(0, 0, 0, 0.87);\\\">Trip Interruption</span></li><li data-list=\\\"bullet\\\"><span class=\\\"ql-ui\\\" contenteditable=\\\"false\\\"></span><span style=\\\"background-color: rgb(255, 255, 255); color: rgba(0, 0, 0, 0.87);\\\">Seals &amp; Gaskets</span></li><li data-list=\\\"bullet\\\"><span class=\\\"ql-ui\\\" contenteditable=\\\"false\\\"></span><span style=\\\"background-color: rgb(255, 255, 255); color: rgba(0, 0, 0, 0.87);\\\">Air Conditioning</span></li><li data-list=\\\"bullet\\\"><span class=\\\"ql-ui\\\" contenteditable=\\\"false\\\"></span><span style=\\\"background-color: rgb(255, 255, 255); color: rgba(0, 0, 0, 0.87);\\\">Electric System</span></li><li data-list=\\\"bullet\\\"><span class=\\\"ql-ui\\\" contenteditable=\\\"false\\\"></span><span style=\\\"background-color: rgb(255, 255, 255); color: rgba(0, 0, 0, 0.87);\\\">Water Pump</span></li><li data-list=\\\"bullet\\\"><span class=\\\"ql-ui\\\" contenteditable=\\\"false\\\"></span><span style=\\\"background-color: rgb(255, 255, 255); color: rgba(0, 0, 0, 0.87);\\\">Fuel Injection System</span></li><li data-list=\\\"bullet\\\"><span class=\\\"ql-ui\\\" contenteditable=\\\"false\\\"></span><span style=\\\"background-color: rgb(255, 255, 255); color: rgba(0, 0, 0, 0.87);\\\">Power Steering</span></li><li data-list=\\\"bullet\\\"><span class=\\\"ql-ui\\\" contenteditable=\\\"false\\\"></span><span style=\\\"background-color: rgb(255, 255, 255); color: rgba(0, 0, 0, 0.87);\\\">Brakes</span></li><li data-list=\\\"bullet\\\"><span class=\\\"ql-ui\\\" contenteditable=\\\"false\\\"></span><span style=\\\"background-color: rgb(255, 255, 255); color: rgba(0, 0, 0, 0.87);\\\">ABS Brakes</span></li></ol><h6><strong style=\\\"background-color: rgb(255, 255, 255); color: rgba(0, 0, 0, 0.87);\\\">Seals &amp; Gaskets on Covered Parts only</strong></h6><h6><strong style=\\\"background-color: rgb(255, 255, 255); color: rgba(0, 0, 0, 0.87);\\\">Please see your contract for full terms and conditions. Plans offered by some dealers may differ slightly from the information here.</strong></h6><h6><strong style=\\\"background-color: rgb(255, 255, 255); color: rgba(0, 0, 0, 0.87);\\\">Features</strong></h6><ol><li data-list=\\\"bullet\\\"><span class=\\\"ql-ui\\\" contenteditable=\\\"false\\\"></span><strong style=\\\"background-color: rgb(255, 255, 255); color: rgba(0, 0, 0, 0.87);\\\">No Limits Per Claim</strong><span style=\\\"background-color: rgb(255, 255, 255); color: rgba(0, 0, 0, 0.87);\\\">With a liability cap of $20,000, our Plans offer exceptional coverage.</span></li><li data-list=\\\"bullet\\\"><span class=\\\"ql-ui\\\" contenteditable=\\\"false\\\"></span><strong style=\\\"background-color: rgb(255, 255, 255); color: rgba(0, 0, 0, 0.87);\\\">Quick &amp; Stress-Free Claims Process:</strong><span style=\\\"background-color: rgb(255, 255, 255); color: rgba(0, 0, 0, 0.87);\\\">Get Covered Canada is committed to a fast and seamless claims process, allowing you to select your preferred repair shop.</span></li><li data-list=\\\"bullet\\\"><span class=\\\"ql-ui\\\" contenteditable=\\\"false\\\"></span><strong style=\\\"background-color: rgb(255, 255, 255); color: rgba(0, 0, 0, 0.87);\\\">Coverage for Vehicles Less than 7 Years Old</strong><span style=\\\"background-color: rgb(255, 255, 255); color: rgba(0, 0, 0, 0.87);\\\">We provide tailored plans for new or used vehicles of any age. Speak with one of our Customer Service Associates to find the right coverage for your vehicle.</span></li></ol><h6><strong style=\\\"background-color: rgb(255, 255, 255); color: rgba(0, 0, 0, 0.87);\\\">Available For Vehicles 6 Model Years Old or Newer</strong></h6><ol><li data-list=\\\"bullet\\\"><span class=\\\"ql-ui\\\" contenteditable=\\\"false\\\"></span><span style=\\\"background-color: rgb(255, 255, 255); color: rgba(0, 0, 0, 0.87);\\\">Our Premium Plans provide Coverage for your New or Used Vehicles.</span></li></ol>\"', '[{\"productName\":\"24 months / 20,000km\",\"productPrice\":\"400\"},{\"productName\":\"12 months / 10,000km\",\"productPrice\":\"350\"},{\"productName\":\"6 months / 5,000km\",\"productPrice\":\"180\"}]', './Images/1736683808003.pdf'),
(16, '3', '14', 'Bronze Powertrain Plus $1500 Per Claim', '24', '\"<h6><strong style=\\\"background-color: rgb(255, 255, 255); color: rgba(0, 0, 0, 0.87);\\\">Bronze Powertrain Plus $1500 per claim </strong></h6><p><br></p><h6><strong style=\\\"background-color: rgb(255, 255, 255); color: rgba(0, 0, 0, 0.87);\\\">For vehicles with less than 250,000 KMs and less than 11 years old Affordable $75 Deductible per claim</strong></h6><h6><strong style=\\\"background-color: rgb(255, 255, 255); color: rgba(0, 0, 0, 0.87);\\\">Covered Components</strong></h6><ol><li data-list=\\\"bullet\\\"><span class=\\\"ql-ui\\\" contenteditable=\\\"false\\\"></span><span style=\\\"background-color: rgb(255, 255, 255); color: rgba(0, 0, 0, 0.87);\\\">Engine</span></li><li data-list=\\\"bullet\\\"><span class=\\\"ql-ui\\\" contenteditable=\\\"false\\\"></span><span style=\\\"background-color: rgb(255, 255, 255); color: rgba(0, 0, 0, 0.87);\\\">Turbo or Super Charger</span></li><li data-list=\\\"bullet\\\"><span class=\\\"ql-ui\\\" contenteditable=\\\"false\\\"></span><span style=\\\"background-color: rgb(255, 255, 255); color: rgba(0, 0, 0, 0.87);\\\">Automatic or Manual Transmission</span></li><li data-list=\\\"bullet\\\"><span class=\\\"ql-ui\\\" contenteditable=\\\"false\\\"></span><span style=\\\"background-color: rgb(255, 255, 255); color: rgba(0, 0, 0, 0.87);\\\">Transfer case</span></li><li data-list=\\\"bullet\\\"><span class=\\\"ql-ui\\\" contenteditable=\\\"false\\\"></span><span style=\\\"background-color: rgb(255, 255, 255); color: rgba(0, 0, 0, 0.87);\\\">Differential</span></li><li data-list=\\\"bullet\\\"><span class=\\\"ql-ui\\\" contenteditable=\\\"false\\\"></span><span style=\\\"background-color: rgb(255, 255, 255); color: rgba(0, 0, 0, 0.87);\\\">Transaxle</span></li><li data-list=\\\"bullet\\\"><span class=\\\"ql-ui\\\" contenteditable=\\\"false\\\"></span><span style=\\\"background-color: rgb(255, 255, 255); color: rgba(0, 0, 0, 0.87);\\\">Car Rental</span></li><li data-list=\\\"bullet\\\"><span class=\\\"ql-ui\\\" contenteditable=\\\"false\\\"></span><span style=\\\"background-color: rgb(255, 255, 255); color: rgba(0, 0, 0, 0.87);\\\">Trip Interruption</span></li><li data-list=\\\"bullet\\\"><span class=\\\"ql-ui\\\" contenteditable=\\\"false\\\"></span><span style=\\\"background-color: rgb(255, 255, 255); color: rgba(0, 0, 0, 0.87);\\\">Seals &amp; Gaskets</span></li><li data-list=\\\"bullet\\\"><span class=\\\"ql-ui\\\" contenteditable=\\\"false\\\"></span><span style=\\\"background-color: rgb(255, 255, 255); color: rgba(0, 0, 0, 0.87);\\\">Air Conditioning</span></li><li data-list=\\\"bullet\\\"><span class=\\\"ql-ui\\\" contenteditable=\\\"false\\\"></span><span style=\\\"background-color: rgb(255, 255, 255); color: rgba(0, 0, 0, 0.87);\\\">Electric System</span></li><li data-list=\\\"bullet\\\"><span class=\\\"ql-ui\\\" contenteditable=\\\"false\\\"></span><span style=\\\"background-color: rgb(255, 255, 255); color: rgba(0, 0, 0, 0.87);\\\">Water Pump</span></li><li data-list=\\\"bullet\\\"><span class=\\\"ql-ui\\\" contenteditable=\\\"false\\\"></span><span style=\\\"background-color: rgb(255, 255, 255); color: rgba(0, 0, 0, 0.87);\\\">Fuel Injection System</span></li><li data-list=\\\"bullet\\\"><span class=\\\"ql-ui\\\" contenteditable=\\\"false\\\"></span><span style=\\\"background-color: rgb(255, 255, 255); color: rgba(0, 0, 0, 0.87);\\\">Power Steering</span></li><li data-list=\\\"bullet\\\"><span class=\\\"ql-ui\\\" contenteditable=\\\"false\\\"></span><span style=\\\"background-color: rgb(255, 255, 255); color: rgba(0, 0, 0, 0.87);\\\">Brakes</span></li><li data-list=\\\"bullet\\\"><span class=\\\"ql-ui\\\" contenteditable=\\\"false\\\"></span><span style=\\\"background-color: rgb(255, 255, 255); color: rgba(0, 0, 0, 0.87);\\\">ABS Brakes</span></li></ol><h6><strong style=\\\"background-color: rgb(255, 255, 255); color: rgba(0, 0, 0, 0.87);\\\">Seals &amp; Gaskets on Covered Parts only</strong></h6><h6><strong style=\\\"background-color: rgb(255, 255, 255); color: rgba(0, 0, 0, 0.87);\\\">Please see your contract for full terms and conditions. Plans offered by some dealers may differ slightly from the information here.</strong></h6><h6><strong style=\\\"background-color: rgb(255, 255, 255); color: rgba(0, 0, 0, 0.87);\\\">Features</strong></h6><ol><li data-list=\\\"bullet\\\"><span class=\\\"ql-ui\\\" contenteditable=\\\"false\\\"></span><strong style=\\\"background-color: rgb(255, 255, 255); color: rgba(0, 0, 0, 0.87);\\\">No Limits Per Claim</strong><span style=\\\"background-color: rgb(255, 255, 255); color: rgba(0, 0, 0, 0.87);\\\">With a liability cap of $20,000, our Plans offer exceptional coverage.</span></li><li data-list=\\\"bullet\\\"><span class=\\\"ql-ui\\\" contenteditable=\\\"false\\\"></span><strong style=\\\"background-color: rgb(255, 255, 255); color: rgba(0, 0, 0, 0.87);\\\">Quick &amp; Stress-Free Claims Process:</strong><span style=\\\"background-color: rgb(255, 255, 255); color: rgba(0, 0, 0, 0.87);\\\">Get Covered Canada is committed to a fast and seamless claims process, allowing you to select your preferred repair shop.</span></li><li data-list=\\\"bullet\\\"><span class=\\\"ql-ui\\\" contenteditable=\\\"false\\\"></span><strong style=\\\"background-color: rgb(255, 255, 255); color: rgba(0, 0, 0, 0.87);\\\">Coverage for Vehicles Less than 7 Years Old</strong><span style=\\\"background-color: rgb(255, 255, 255); color: rgba(0, 0, 0, 0.87);\\\">We provide tailored plans for new or used vehicles of any age. Speak with one of our Customer Service Associates to find the right coverage for your vehicle.</span></li></ol><h6><strong style=\\\"background-color: rgb(255, 255, 255); color: rgba(0, 0, 0, 0.87);\\\">Available For Vehicles 6 Model Years Old or Newer</strong></h6><ol><li data-list=\\\"bullet\\\"><span class=\\\"ql-ui\\\" contenteditable=\\\"false\\\"></span><span style=\\\"background-color: rgb(255, 255, 255); color: rgba(0, 0, 0, 0.87);\\\">Our Premium Plans provide Coverage for your New or Used Vehicles.</span></li></ol>\"', '[{\"productName\":\"24 months / 20,000km\",\"productPrice\":\"450\"},{\"productName\":\"12 months / 10,000km\",\"productPrice\":\"400\"},{\"productName\":\"6 months / 5,000km\",\"productPrice\":\"2500\"}]', '/Images/1736693373773.pdf'),
(22, '6', '15', 'Max Liability: $7500 Financed Amt:$0 - $75000', '25', '\"<p><strong>GAP Financial Protection Bundle - Max Liability: $7500 - Financed Amt: $0 - $75,000 </strong></p><p><strong>Components Covered:</strong></p><p><strong>The GCC Financial GAP Bundle Protects You Against The Unexpected</strong></p><p><strong>FINANCIAL GAP BUNDLE Protects You in the case of a TOTAL LOSS Due To:</strong></p><ol><li data-list=\\\"bullet\\\" class=\\\"ql-indent-1\\\"><span class=\\\"ql-ui\\\" contenteditable=\\\"false\\\"></span><strong>ACCIDENT</strong></li><li data-list=\\\"bullet\\\" class=\\\"ql-indent-1\\\"><span class=\\\"ql-ui\\\" contenteditable=\\\"false\\\"></span><strong>THEFT</strong></li><li data-list=\\\"bullet\\\" class=\\\"ql-indent-1\\\"><span class=\\\"ql-ui\\\" contenteditable=\\\"false\\\"></span><strong>FIRE</strong></li><li data-list=\\\"bullet\\\" class=\\\"ql-indent-1\\\"><span class=\\\"ql-ui\\\" contenteditable=\\\"false\\\"></span><strong>VANDALISM</strong></li><li data-list=\\\"bullet\\\" class=\\\"ql-indent-1\\\"><span class=\\\"ql-ui\\\" contenteditable=\\\"false\\\"></span><strong>FLOOD OR WEATHER DAMAGE </strong></li></ol><p><strong>Collision Deductible:</strong></p><ol><li data-list=\\\"bullet\\\" class=\\\"ql-indent-1\\\"><span class=\\\"ql-ui\\\" contenteditable=\\\"false\\\"></span><strong>Reimburses Your Deductible Payment For At-Fault Auto Collision Claim</strong></li><li data-list=\\\"bullet\\\" class=\\\"ql-indent-1\\\"><span class=\\\"ql-ui\\\" contenteditable=\\\"false\\\"></span><strong>Max of $1000* </strong></li></ol><p><strong>$500 Loyalty Credit:</strong></p><ol><li data-list=\\\"bullet\\\" class=\\\"ql-indent-1\\\"><span class=\\\"ql-ui\\\" contenteditable=\\\"false\\\"></span><strong>Buy Your Replacement Vehicle from the Same Dealer and Receive $500 Towards the Purchase </strong></li></ol><p><strong>Mechanical Breakdown Protection:</strong></p><ol><li data-list=\\\"bullet\\\" class=\\\"ql-indent-1\\\"><span class=\\\"ql-ui\\\" contenteditable=\\\"false\\\"></span><strong>One Month Powertrain Coverage</strong></li></ol><h3><br></h3>\"', '[{\"productName\":\"24 Months\",\"productPrice\":\"250\"},{\"productName\":\"36 Months\",\"productPrice\":\"260\"},{\"productName\":\"48 Months\",\"productPrice\":\"270\"},{\"productName\":\"60 Months\",\"productPrice\":\"295\"},{\"productName\":\"72 Months\",\"productPrice\":\"295\"},{\"productName\":\"84 Months\",\"productPrice\":\"295\"},{\"productName\":\"96 Months\",\"productPrice\":\"295\"}]', NULL),
(23, '6', '16', 'Max Liablity: $25000 Financed Amount $0-$25000', '26', '\"<h3><strong style=\\\"color: rgb(51, 51, 51); background-color: rgb(255, 255, 255);\\\">GAP Financial Protection Bundle - Max Liability: $25000 - Financed Amt: $0 - $25,000</strong></h3><h4><strong style=\\\"color: rgb(51, 51, 51);\\\">Components Covered:</strong></h4><p><strong style=\\\"color: rgb(51, 51, 51);\\\">The GCC Financial GAP Bundle Protects You Against The Unexpected</strong></p><p><strong style=\\\"color: rgb(51, 51, 51);\\\">FINANCIAL GAP BUNDLE Protects You in the case of a TOTAL LOSS Due To:</strong></p><ol><li data-list=\\\"bullet\\\"><span class=\\\"ql-ui\\\" contenteditable=\\\"false\\\"></span><strong style=\\\"color: rgb(51, 51, 51);\\\">ACCIDENT</strong></li><li data-list=\\\"bullet\\\"><span class=\\\"ql-ui\\\" contenteditable=\\\"false\\\"></span><strong style=\\\"color: rgb(51, 51, 51);\\\">THEFT</strong></li><li data-list=\\\"bullet\\\"><span class=\\\"ql-ui\\\" contenteditable=\\\"false\\\"></span><strong style=\\\"color: rgb(51, 51, 51);\\\">FIRE</strong></li><li data-list=\\\"bullet\\\"><span class=\\\"ql-ui\\\" contenteditable=\\\"false\\\"></span><strong style=\\\"color: rgb(51, 51, 51);\\\">VANDALISM</strong></li><li data-list=\\\"bullet\\\"><span class=\\\"ql-ui\\\" contenteditable=\\\"false\\\"></span><strong style=\\\"color: rgb(51, 51, 51);\\\">FLOOD OR WEATHER DAMAGE</strong></li></ol><p><strong style=\\\"color: rgb(51, 51, 51);\\\"> </strong></p><p><strong style=\\\"color: rgb(51, 51, 51);\\\">Collision Deductible:</strong></p><ol><li data-list=\\\"bullet\\\"><span class=\\\"ql-ui\\\" contenteditable=\\\"false\\\"></span><strong style=\\\"color: rgb(51, 51, 51);\\\">Reimburses Your Deductible Payment For At-Fault Auto Collision Claim</strong></li><li data-list=\\\"bullet\\\"><span class=\\\"ql-ui\\\" contenteditable=\\\"false\\\"></span><strong style=\\\"color: rgb(51, 51, 51);\\\">Max of $1000*</strong></li></ol><p><strong style=\\\"color: rgb(51, 51, 51);\\\"> </strong></p><p><strong style=\\\"color: rgb(51, 51, 51);\\\">$500 Loyalty Credit:</strong></p><ol><li data-list=\\\"bullet\\\"><span class=\\\"ql-ui\\\" contenteditable=\\\"false\\\"></span><strong style=\\\"color: rgb(51, 51, 51);\\\">Buy Your Replacement Vehicle from the Same Dealer and Receive $500 Towards the Purchase</strong></li></ol><p><strong style=\\\"color: rgb(51, 51, 51);\\\"> </strong></p><p><strong style=\\\"color: rgb(51, 51, 51);\\\">Mechanical Breakdown Protection:</strong></p><ol><li data-list=\\\"bullet\\\"><span class=\\\"ql-ui\\\" contenteditable=\\\"false\\\"></span><strong style=\\\"color: rgb(51, 51, 51);\\\">One Month Powertrain Coverage</strong></li></ol>\"', '[{\"productName\":\"24 Months\",\"productPrice\":\"260\"},{\"productName\":\"36 Months\",\"productPrice\":\"270\"},{\"productName\":\"48 Months\",\"productPrice\":\"290\"},{\"productName\":\"60 Months\",\"productPrice\":\"325\"},{\"productName\":\"72 Months\",\"productPrice\":\"380\"},{\"productName\":\"84 Months\",\"productPrice\":\"420\"},{\"productName\":\"96 Months\",\"productPrice\":\"520\"}]', NULL),
(24, '6', '16', 'Max Liablity: $25000 Financed Amount $25001-$50000', '27', '\"<p><strong>GAP Financial Protection Bundle - Max Liability: $25000 - Financed Amt: $25001 - $50,000 </strong></p><p><strong>Components Covered:</strong></p><p><strong>The GCC Financial GAP Bundle Protects You Against The Unexpected</strong></p><p><strong>FINANCIAL GAP BUNDLE Protects You in the case of a TOTAL LOSS Due To:</strong></p><ol><li data-list=\\\"bullet\\\" class=\\\"ql-indent-1\\\"><span class=\\\"ql-ui\\\" contenteditable=\\\"false\\\"></span><strong>ACCIDENT</strong></li><li data-list=\\\"bullet\\\" class=\\\"ql-indent-1\\\"><span class=\\\"ql-ui\\\" contenteditable=\\\"false\\\"></span><strong>THEFT</strong></li><li data-list=\\\"bullet\\\" class=\\\"ql-indent-1\\\"><span class=\\\"ql-ui\\\" contenteditable=\\\"false\\\"></span><strong>FIRE</strong></li><li data-list=\\\"bullet\\\" class=\\\"ql-indent-1\\\"><span class=\\\"ql-ui\\\" contenteditable=\\\"false\\\"></span><strong>VANDALISM</strong></li><li data-list=\\\"bullet\\\" class=\\\"ql-indent-1\\\"><span class=\\\"ql-ui\\\" contenteditable=\\\"false\\\"></span><strong>FLOOD OR WEATHER DAMAGE </strong></li></ol><p><strong>Collision Deductible:</strong></p><ol><li data-list=\\\"bullet\\\" class=\\\"ql-indent-1\\\"><span class=\\\"ql-ui\\\" contenteditable=\\\"false\\\"></span><strong>Reimburses Your Deductible Payment For At-Fault Auto Collision Claim</strong></li><li data-list=\\\"bullet\\\" class=\\\"ql-indent-1\\\"><span class=\\\"ql-ui\\\" contenteditable=\\\"false\\\"></span><strong>Max of $1000* </strong></li></ol><p><strong>$500 Loyalty Credit:</strong></p><ol><li data-list=\\\"bullet\\\" class=\\\"ql-indent-1\\\"><span class=\\\"ql-ui\\\" contenteditable=\\\"false\\\"></span><strong>Buy Your Replacement Vehicle from the Same Dealer and Receive $500 Towards the Purchase </strong></li></ol><p><strong>Mechanical Breakdown Protection:</strong></p><ol><li data-list=\\\"bullet\\\"><span class=\\\"ql-ui\\\" contenteditable=\\\"false\\\"></span><strong>One Month Powertrain Coverage</strong></li></ol><p><br></p><p><br></p>\"', '[{\"productName\":\"24 Months\",\"productPrice\":\"300\"},{\"productName\":\"36 Months\",\"productPrice\":\"330\"},{\"productName\":\"48 Months\",\"productPrice\":\"390\"},{\"productName\":\"60 Months\",\"productPrice\":\"410\"},{\"productName\":\"72 Months\",\"productPrice\":\"475\"},{\"productName\":\"84 Months\",\"productPrice\":\"520\"},{\"productName\":\"96 Months\",\"productPrice\":\"620\"}]', NULL);
INSERT INTO `product_details` (`id`, `category`, `subCat`, `subcategory`, `warrantyprotection`, `features`, `products`, `PDF`) VALUES
(25, '6', '16', 'Max Liablity: $25000 Financed Amount $50001-$100000', '28', '\"<p><strong>GAP Financial Protection Bundle - Max Liability: $25000 - Financed Amt: $50,001 - $100,000</strong><br>Components Covered:<br>The GVC Financial GAP Bundle Protects You Against The Unexpected<br></p><p><label style=\\\"box-sizing: border-box; display: inline; max-width: none; margin-bottom: 5px; font-weight: 700; line-height: 20px; font-size: 12px;\\\">FINANCIAL GAP BUNDLE Protects You in the case of a TOTAL LOSS Due To:<br>Reimburses Your Deductible Payment For At-Fault Auto Collision Claim<br>Max of $1000*</label></p><div style=\\\"box-sizing: border-box; margin-bottom: 15px;\\\"><label style=\\\"box-sizing: border-box; display: inline; max-width: none; margin-bottom: 5px; font-weight: 700; line-height: 20px;\\\"><strong style=\\\"box-sizing: border-box; font-weight: 700;\\\">$500 Loyalty Credit:</strong></label></div><ul style=\\\"box-sizing: border-box; margin: 0px; list-style: none; padding: 0px; font-size: 12px; font-weight: 400;\\\"><li style=\\\"box-sizing: border-box; list-style-position: inside; list-style-image: initial; list-style-type: square !important; margin: 0px; padding: 3px 0px; font-size: 12px; font-weight: 400;\\\"><label style=\\\"box-sizing: border-box; display: inline; max-width: none; margin-bottom: 5px; font-weight: 700; line-height: 20px;\\\">Buy Your Replacement Vehicle from the Same Dealer and Receive $500 Towards the Purchase</label></li></ul><p style=\\\"box-sizing: border-box; margin: 0px 0px 10px;\\\"><label style=\\\"box-sizing: border-box; display: inline; max-width: none; margin-bottom: 5px; font-weight: 700; line-height: 20px;\\\">&nbsp;</label><br></p><div style=\\\"box-sizing: border-box; margin-bottom: 15px;\\\"><label style=\\\"box-sizing: border-box; display: inline; max-width: none; margin-bottom: 5px; font-weight: 700; line-height: 20px;\\\"><strong style=\\\"box-sizing: border-box; font-weight: 700;\\\">Mechanical Breakdown Protection:</strong></label></div><ul style=\\\"box-sizing: border-box; margin: 0px; list-style: none; padding: 0px; font-size: 12px; font-weight: 400;\\\"><li style=\\\"box-sizing: border-box; list-style-position: inside; list-style-image: initial; list-style-type: square !important; margin: 0px; padding: 3px 0px; font-size: 12px; font-weight: 400;\\\"><label style=\\\"box-sizing: border-box; display: inline; max-width: none; margin-bottom: 5px; font-weight: 700; line-height: 20px;\\\">One Month Powertrain Coverage</label></li></ul>\"', '[{\"productName\":\"24 Months\",\"productPrice\":\"360\"},{\"productName\":\"36 Months\",\"productPrice\":\"420\"},{\"productName\":\"48 Months\",\"productPrice\":\"500\"},{\"productName\":\"60 Months\",\"productPrice\":\"535\"},{\"productName\":\"72 Months\",\"productPrice\":\"650\"},{\"productName\":\"84 Months\",\"productPrice\":\"710\"},{\"productName\":\"96 Months\",\"productPrice\":\"810\"}]', '/Images/1737825479442.pdf');

-- --------------------------------------------------------

--
-- Table structure for table `subcategory`
--

CREATE TABLE `subcategory` (
  `id` int(11) NOT NULL,
  `category` varchar(225) DEFAULT NULL,
  `subcategory` varchar(225) DEFAULT NULL
) ENGINE=InnoDB DEFAULT CHARSET=utf8mb4 COLLATE=utf8mb4_general_ci;

--
-- Dumping data for table `subcategory`
--

INSERT INTO `subcategory` (`id`, `category`, `subcategory`) VALUES
(8, '1', 'Gold Core'),
(9, '1', 'Gold Elite '),
(10, '1', 'Gold Elite Hi-Tech'),
(11, '2', 'Silver Powertrain'),
(12, '2', 'Silver Powertrain Plus'),
(13, '3', 'Bronze Powertrain'),
(14, '3', 'Bronze Powertrain Plus'),
(15, '6', 'Max Liability: $7500');

-- --------------------------------------------------------

--
-- Table structure for table `warranty`
--

CREATE TABLE `warranty` (
  `id` int(11) NOT NULL,
  `vinNoText` varchar(17) DEFAULT NULL,
  `makeText` varchar(50) DEFAULT NULL,
  `modelText` varchar(50) DEFAULT NULL,
  `yearText` varchar(4) DEFAULT NULL,
  `odometerText` varchar(10) DEFAULT NULL,
  `salePriceofVehicleText` varchar(225) DEFAULT NULL,
  `comprehensiveFactoryWarrantyValidText` varchar(5) DEFAULT NULL,
  `languageText` varchar(10) DEFAULT NULL,
  `serviceDateText` varchar(100) DEFAULT NULL,
  `warrantyClassText` varchar(100) DEFAULT NULL,
  `warrantyTypeText` varchar(100) DEFAULT NULL,
  `warrantyProtectionText` varchar(50) DEFAULT NULL,
  `warrantyOptionText` varchar(10) DEFAULT NULL,
  `warrantyOptionPriceText` varchar(100) DEFAULT NULL,
  `highRatioCoverageText` varchar(5) DEFAULT NULL,
  `highRatioCoveragePriceText` varchar(100) DEFAULT NULL,
  `deductibleText` varchar(20) DEFAULT NULL,
  `deductiblePriceText` varchar(100) DEFAULT NULL,
  `customerFirstNameText` varchar(50) DEFAULT NULL,
  `customerLastNameText` varchar(50) DEFAULT NULL,
  `streetAddressText` varchar(255) DEFAULT NULL,
  `townText` varchar(50) DEFAULT NULL,
  `provinceText` varchar(50) DEFAULT NULL,
  `postalCodeText` varchar(10) DEFAULT NULL,
  `customerPhoneText` varchar(15) DEFAULT NULL,
  `customerEmailText` varchar(50) DEFAULT NULL,
  `driverLicenceText` varchar(30) DEFAULT NULL,
  `customerLanguageText` varchar(10) DEFAULT NULL,
  `dealNotesText` varchar(255) DEFAULT NULL,
  `vinCustText` varchar(17) DEFAULT NULL,
  `salePriceofVehicleCustText` varchar(100) DEFAULT NULL,
  `financeCompanyText` varchar(50) DEFAULT NULL,
  `vehicleDeliveryDateText` varchar(100) DEFAULT NULL,
  `warrantySoldForText` varchar(100) DEFAULT NULL,
  `termsConditonChecked` varchar(5) DEFAULT NULL,
  `vinNo` varchar(17) DEFAULT NULL,
  `make` varchar(50) DEFAULT NULL,
  `model` varchar(50) DEFAULT NULL,
  `year` varchar(4) DEFAULT NULL,
  `odometer` varchar(10) DEFAULT NULL,
  `salePriceofVehicle` varchar(100) DEFAULT NULL,
  `comprehensiveFactoryWarrantyValid` varchar(5) DEFAULT NULL,
  `language` varchar(10) DEFAULT NULL,
  `serviceDate` varchar(100) DEFAULT NULL,
  `warrantyClass` varchar(100) DEFAULT NULL,
  `warrantyType` varchar(100) DEFAULT NULL,
  `warrantyProtection` varchar(50) DEFAULT NULL,
  `warrantyOption` varchar(10) DEFAULT NULL,
  `highRatioCoverage` varchar(5) DEFAULT NULL,
  `highRatioCoveragePrice` varchar(100) DEFAULT NULL,
  `deductible` varchar(20) DEFAULT NULL,
  `deductiblePrice` varchar(100) DEFAULT NULL,
  `customerFirstName` varchar(50) DEFAULT NULL,
  `customerLastName` varchar(50) DEFAULT NULL,
  `streetAddress` varchar(255) DEFAULT NULL,
  `town` varchar(50) DEFAULT NULL,
  `province` varchar(50) DEFAULT NULL,
  `postalCode` varchar(10) DEFAULT NULL,
  `customerPhone` varchar(15) DEFAULT NULL,
  `customerEmail` varchar(50) DEFAULT NULL,
  `driverLicence` varchar(30) DEFAULT NULL,
  `customerLanguage` varchar(10) DEFAULT NULL,
  `dealNotes` varchar(255) DEFAULT NULL,
  `vinCust` varchar(17) DEFAULT NULL,
  `salePriceofVehicleCust` varchar(100) DEFAULT NULL,
  `financeCompany` varchar(50) DEFAULT NULL,
  `vehicleDeliveryDate` varchar(100) DEFAULT NULL,
  `warrantySoldFor` varchar(100) DEFAULT NULL,
  `Status` varchar(225) DEFAULT NULL,
  `packages` varchar(225) DEFAULT NULL,
  `packagesTypes` varchar(225) DEFAULT NULL,
  `productIndex` varchar(225) DEFAULT NULL,
  `productCost` varchar(225) DEFAULT NULL,
  `packagesText` varchar(225) DEFAULT NULL,
  `productName` varchar(225) DEFAULT NULL,
  `user` varchar(225) DEFAULT NULL,
  `dealership` varchar(225) DEFAULT NULL,
  `CurrentDate` varchar(225) DEFAULT NULL,
  `warrantyApplicationDate` varchar(225) DEFAULT NULL,
  `createdDate` varchar(225) DEFAULT NULL,
  `useromvicno` varchar(225) DEFAULT NULL,
  `dealershipomvicno` varchar(225) DEFAULT NULL,
  `invno` varchar(225) DEFAULT NULL,
  `merchantno` int(10) NOT NULL
) ENGINE=InnoDB DEFAULT CHARSET=utf8mb4 COLLATE=utf8mb4_general_ci;

--
-- Dumping data for table `warranty`
--

INSERT INTO `warranty` (`id`, `vinNoText`, `makeText`, `modelText`, `yearText`, `odometerText`, `salePriceofVehicleText`, `comprehensiveFactoryWarrantyValidText`, `languageText`, `serviceDateText`, `warrantyClassText`, `warrantyTypeText`, `warrantyProtectionText`, `warrantyOptionText`, `warrantyOptionPriceText`, `highRatioCoverageText`, `highRatioCoveragePriceText`, `deductibleText`, `deductiblePriceText`, `customerFirstNameText`, `customerLastNameText`, `streetAddressText`, `townText`, `provinceText`, `postalCodeText`, `customerPhoneText`, `customerEmailText`, `driverLicenceText`, `customerLanguageText`, `dealNotesText`, `vinCustText`, `salePriceofVehicleCustText`, `financeCompanyText`, `vehicleDeliveryDateText`, `warrantySoldForText`, `termsConditonChecked`, `vinNo`, `make`, `model`, `year`, `odometer`, `salePriceofVehicle`, `comprehensiveFactoryWarrantyValid`, `language`, `serviceDate`, `warrantyClass`, `warrantyType`, `warrantyProtection`, `warrantyOption`, `highRatioCoverage`, `highRatioCoveragePrice`, `deductible`, `deductiblePrice`, `customerFirstName`, `customerLastName`, `streetAddress`, `town`, `province`, `postalCode`, `customerPhone`, `customerEmail`, `driverLicence`, `customerLanguage`, `dealNotes`, `vinCust`, `salePriceofVehicleCust`, `financeCompany`, `vehicleDeliveryDate`, `warrantySoldFor`, `Status`, `packages`, `packagesTypes`, `productIndex`, `productCost`, `packagesText`, `productName`, `user`, `dealership`, `CurrentDate`, `warrantyApplicationDate`, `createdDate`, `useromvicno`, `dealershipomvicno`, `invno`, `merchantno`) VALUES
(100, '', 'I-85 TRAILER MANUFACTURERS', 'I-85 TRAILER MANUFACTURERS', '1998', '25896', '875', 'No', 'None', '', 'Gold warranties', 'Gold Core', '$2500 Per Claim', '1', '45', 'Yes', '325', '$0 Deductible', NULL, 'Abhishek', 'nayak', 'mangalore', 'kodikal', 'Manitoba', '859-963', '857496', 'Abh@gmail.com', '85596', 'Francais', '8596', '', '875', 'Kormangal', '2025-02-13', '9333', NULL, '', 'I-85 TRAILER MANUFACTURERS', 'I-85 TRAILER MANUFACTURERS', '1998', '25896', '875', 'No', '0', '', '1', '8', '10', '1', 'Yes', NULL, '$0 Deductible', NULL, 'Abhishek', 'nayak', 'mangalore', 'kodikal', 'Manitoba', '859-963', '857496', 'Abh@gmail.com', '85596', 'Francais', '8596', '', '875', 'Kormangal', '2025-02-13', '9333', 'Closed Won', '0', '0', '2', '789', '', 'Gold Core $2500 Per Claim(36 Months/65000 KM)', 'Rajesh Kamath', '53', '17-2025-03', '2025-02-26', '17-2025-03', '87963', NULL, '1003', 153),
(101, '', 'I-85 TRAILER MANUFACTURERS', 'I-85 TRAILER MANUFACTURERS', '1998', '25896', '875', 'No', 'None', '', 'Gold warranties', 'Gold Core', '$2500 Per Claim', '1', '45', 'Yes', '325', '$0 Deductible', NULL, 'Abhishek', 'nayak', 'mangalore', 'kodikal', 'Manitoba', '859-963', '857496', 'Abh@gmail.com', '85596', 'Francais', '8596', '', '875', 'Kormangal', '2025-02-13', '9333', NULL, '', 'I-85 TRAILER MANUFACTURERS', 'I-85 TRAILER MANUFACTURERS', '1998', '25896', '875', 'No', '0', '', '1', '8', '10', '1', 'Yes', NULL, '$0 Deductible', NULL, 'Abhishek', 'nayak', 'mangalore', 'kodikal', 'Manitoba', '859-963', '857496', 'Abh@gmail.com', '85596', 'Francais', '8596', '', '875', 'Kormangal', '2025-02-13', '9333', 'Closed Won', '0', '0', '2', '789', '', 'Gold Core $2500 Per Claim(36 Months/65000 KM)', 'Rajesh Kamath', '53', '17-2025-03', '2025-02-26', '17-2025-03', '87963', NULL, '1004', 153),
(102, '', 'I-85 TRAILER MANUFACTURERS', 'I-85 TRAILER MANUFACTURERS', '1998', '25896', '875', 'No', 'None', '', 'Gold warranties', 'Gold Core', '$2500 Per Claim', '1', '45', 'Yes', '325', '$0 Deductible', NULL, 'Abhishek', 'nayak', 'mangalore', 'kodikal', 'Manitoba', '859-963', '857496', 'Abh@gmail.com', '85596', 'Francais', '8596', '', '875', 'Kormangal', '2025-02-13', '9333', NULL, '', 'I-85 TRAILER MANUFACTURERS', 'I-85 TRAILER MANUFACTURERS', '1998', '25896', '875', 'No', '0', '', '1', '8', '10', '1', 'Yes', NULL, '$0 Deductible', NULL, 'Abhishek', 'nayak', 'mangalore', 'kodikal', 'Manitoba', '859-963', '857496', 'Abh@gmail.com', '85596', 'Francais', '8596', '', '875', 'Kormangal', '2025-02-13', '9333', 'Closed Won', '0', '0', '2', '789', '', 'Gold Core $2500 Per Claim(36 Months/65000 KM)', 'Rajesh Kamath', '53', '17-2025-03', '2025-02-26', '17-2025-03', '87963', NULL, '1003', 153),
(103, '', 'I-85 TRAILER MANUFACTURERS', 'I-85 TRAILER MANUFACTURERS', '1998', '25896', '875', 'No', 'None', '', 'Gold warranties', 'Gold Core', '$2500 Per Claim', '1', '45', 'Yes', '325', '$0 Deductible', NULL, 'Abhishek', 'nayak', 'mangalore', 'kodikal', 'Manitoba', '859-963', '857496', 'Abh@gmail.com', '85596', 'Francais', '8596', '', '875', 'Kormangal', '2025-02-13', '9333', NULL, '', 'I-85 TRAILER MANUFACTURERS', 'I-85 TRAILER MANUFACTURERS', '1998', '25896', '875', 'No', '0', '', '1', '8', '10', '1', 'Yes', NULL, '$0 Deductible', NULL, 'Abhishek', 'nayak', 'mangalore', 'kodikal', 'Manitoba', '859-963', '857496', 'Abh@gmail.com', '85596', 'Francais', '8596', '', '875', 'Kormangal', '2025-02-13', '9333', 'Closed Won', '0', '0', '2', '789', '', 'Gold Core $2500 Per Claim(36 Months/65000 KM)', 'Rajesh Kamath', '53', '17-2025-03', '2025-02-26', '17-2025-03', '87963', NULL, '1004', 153),
(104, '', 'I-85 TRAILER MANUFACTURERS', 'I-85 TRAILER MANUFACTURERS', '1998', '25896', '875', 'No', 'None', '', 'Gold warranties', 'Gold Core', '$2500 Per Claim', '1', '45', 'Yes', '325', '$0 Deductible', NULL, 'Abhishek', 'nayak', 'mangalore', 'kodikal', 'Manitoba', '859-963', '857496', 'Abh@gmail.com', '85596', 'Francais', '8596', '', '875', 'Kormangal', '2025-02-13', '9333', NULL, '', 'I-85 TRAILER MANUFACTURERS', 'I-85 TRAILER MANUFACTURERS', '1998', '25896', '875', 'No', '0', '', '1', '8', '10', '1', 'Yes', NULL, '$0 Deductible', NULL, 'Abhishek', 'nayak', 'mangalore', 'kodikal', 'Manitoba', '859-963', '857496', 'Abh@gmail.com', '85596', 'Francais', '8596', '', '875', 'Kormangal', '2025-02-13', '9333', 'Closed Won', '0', '0', '2', '789', '', 'Gold Core $2500 Per Claim(36 Months/65000 KM)', 'Rajesh Kamath', '49', '17-2025-03', '2025-02-26', '17-2025-03', '87963', NULL, '1005', 153),
(105, '', 'I-85 TRAILER MANUFACTURERS', 'I-85 TRAILER MANUFACTURERS', '1998', '25896', '875', 'No', 'None', '', 'Gold warranties', 'Gold Core', '$2500 Per Claim', '1', '45', 'Yes', '325', '$0 Deductible', NULL, 'Abhishek', 'nayak', 'mangalore', 'kodikal', 'Manitoba', '859-963', '857496', 'Abh@gmail.com', '85596', 'Francais', '8596', '', '875', 'Kormangal', '2025-02-13', '9333', NULL, '', 'I-85 TRAILER MANUFACTURERS', 'I-85 TRAILER MANUFACTURERS', '1998', '25896', '875', 'No', '0', '', '1', '8', '10', '1', 'Yes', NULL, '$0 Deductible', NULL, 'Abhishek', 'nayak', 'mangalore', 'kodikal', 'Manitoba', '859-963', '857496', 'Abh@gmail.com', '85596', 'Francais', '8596', '', '875', 'Kormangal', '2025-02-13', '9333', 'Closed Won', '0', '0', '2', '789', '', 'Gold Core $2500 Per Claim(36 Months/65000 KM)', 'louhoffer@rogers.com ', '49', '17-2025-03', '2025-02-26', '17-2025-03', '', NULL, '1006', 149);

-- --------------------------------------------------------

--
-- Table structure for table `warrantyprotection`
--

CREATE TABLE `warrantyprotection` (
  `id` int(11) NOT NULL,
  `category` varchar(225) DEFAULT NULL,
  `subcategory` varchar(225) DEFAULT NULL,
  `warrantyprotection` varchar(225) DEFAULT NULL
) ENGINE=InnoDB DEFAULT CHARSET=utf8mb4 COLLATE=utf8mb4_general_ci;

--
-- Dumping data for table `warrantyprotection`
--

INSERT INTO `warrantyprotection` (`id`, `category`, `subcategory`, `warrantyprotection`) VALUES
(10, '1', '8', '$2500 Per Claim'),
(11, '1', '8', 'No Per Claim Max'),
(12, '1', '9', '$2500 Per Claim'),
(13, '1', '9', 'No Per Claim Max'),
(14, '1', '10', '$2500 Per Claim'),
(15, '1', '10', 'No Per Claim Max'),
(16, '2', '11', '$1000 Per Claim'),
(17, '2', '11', '$1500 Per Claim'),
(18, '2', '11', '$2500 Per Claim'),
(19, '2', '12', '$2500 Per Claim'),
(20, '2', '12', '$4000 Per Claim'),
(21, '3', '13', '$1000 Per Claim'),
(22, '3', '13', '$1500 Per Claim'),
(23, '3', '14', '$1000 Per Claim'),
(24, '3', '14', '$1500 Per Claim'),
(25, '6', '15', 'Financed Amt:$0 - $75000'),
(26, '6', '16', 'Financed Amount $0-$25000'),
(27, '6', '16', 'Financed Amount $25001-$50000'),
(28, '6', '16', 'Financed Amount $50001-$100000');

--
-- Indexes for dumped tables
--

--
-- Indexes for table `category`
--
ALTER TABLE `category`
  ADD PRIMARY KEY (`id`);

--
-- Indexes for table `dealership`
--
ALTER TABLE `dealership`
  ADD PRIMARY KEY (`id`);

--
-- Indexes for table `logdetails`
--
ALTER TABLE `logdetails`
  ADD PRIMARY KEY (`id`);

--
-- Indexes for table `login_master`
--
ALTER TABLE `login_master`
  ADD PRIMARY KEY (`id`);

--
-- Indexes for table `personalinformationdata`
--
ALTER TABLE `personalinformationdata`
  ADD PRIMARY KEY (`id`);

--
-- Indexes for table `product_details`
--
ALTER TABLE `product_details`
  ADD PRIMARY KEY (`id`);

--
-- Indexes for table `subcategory`
--
ALTER TABLE `subcategory`
  ADD PRIMARY KEY (`id`);

--
-- Indexes for table `warranty`
--
ALTER TABLE `warranty`
  ADD PRIMARY KEY (`id`);

--
-- Indexes for table `warrantyprotection`
--
ALTER TABLE `warrantyprotection`
  ADD PRIMARY KEY (`id`);

--
-- AUTO_INCREMENT for dumped tables
--

--
-- AUTO_INCREMENT for table `category`
--
ALTER TABLE `category`
  MODIFY `id` int(11) NOT NULL AUTO_INCREMENT, AUTO_INCREMENT=16;

--
-- AUTO_INCREMENT for table `dealership`
--
ALTER TABLE `dealership`
  MODIFY `id` int(11) NOT NULL AUTO_INCREMENT, AUTO_INCREMENT=54;

--
-- AUTO_INCREMENT for table `logdetails`
--
ALTER TABLE `logdetails`
  MODIFY `id` int(10) NOT NULL AUTO_INCREMENT, AUTO_INCREMENT=13;

--
-- AUTO_INCREMENT for table `login_master`
--
ALTER TABLE `login_master`
  MODIFY `id` int(11) NOT NULL AUTO_INCREMENT, AUTO_INCREMENT=132;

--
-- AUTO_INCREMENT for table `personalinformationdata`
--
ALTER TABLE `personalinformationdata`
  MODIFY `id` int(11) NOT NULL AUTO_INCREMENT, AUTO_INCREMENT=8;

--
-- AUTO_INCREMENT for table `product_details`
--
ALTER TABLE `product_details`
  MODIFY `id` int(11) NOT NULL AUTO_INCREMENT, AUTO_INCREMENT=26;

--
-- AUTO_INCREMENT for table `subcategory`
--
ALTER TABLE `subcategory`
  MODIFY `id` int(11) NOT NULL AUTO_INCREMENT, AUTO_INCREMENT=17;

--
-- AUTO_INCREMENT for table `warranty`
--
ALTER TABLE `warranty`
  MODIFY `id` int(11) NOT NULL AUTO_INCREMENT, AUTO_INCREMENT=114;

--
-- AUTO_INCREMENT for table `warrantyprotection`
--
ALTER TABLE `warrantyprotection`
  MODIFY `id` int(11) NOT NULL AUTO_INCREMENT, AUTO_INCREMENT=29;
COMMIT;

/*!40101 SET CHARACTER_SET_CLIENT=@OLD_CHARACTER_SET_CLIENT */;
/*!40101 SET CHARACTER_SET_RESULTS=@OLD_CHARACTER_SET_RESULTS */;
/*!40101 SET COLLATION_CONNECTION=@OLD_COLLATION_CONNECTION */;
